date,sleep_hours,steps,screen_time,mood,mood_score
2024-11-28 19:34:26.964147,8.2,6583,3.7,Neutral,4
2024-09-30 19:34:26.965194,8.0,1000,7.2,Neutral,3
2024-08-16 19:34:26.965268,6.8,1003,5.1,Sad,1
2024-11-03 19:34:26.965334,6.1,3719,1.0,Neutral,3
2025-03-13 19:34:26.965409,6.0,1727,4.6,Sad,0
2025-03-19 19:34:26.965472,4.3,7689,4.1,Sad,0
2024-11-25 19:34:26.965535,6.7,4676,4.2,Sad,1
2025-02-20 19:34:26.965597,8.9,1000,2.8,Neutral,4
2024-10-22 19:34:26.965670,7.5,1000,1.9,Neutral,4
2025-03-12 19:34:26.965734,8.1,5431,4.4,Neutral,3
2025-07-17 19:34:26.965805,5.5,17464,4.4,Neutral,4
2025-06-07 19:34:26.965871,8.8,12747,3.8,Happy,6
2024-10-05 19:34:26.965936,5.3,8822,2.6,Neutral,3
2025-05-27 19:34:26.966003,6.2,3912,4.6,Sad,1
2024-12-31 19:34:26.966071,6.5,1000,5.2,Sad,2
2024-08-30 19:34:26.966140,8.8,6528,2.3,Neutral,4
2025-05-20 19:34:26.966213,8.0,2009,6.0,Sad,2
2025-05-26 19:34:26.966282,6.9,1966,5.6,Sad,2
2025-02-10 19:34:26.966354,7.4,1000,6.0,Neutral,3
2024-08-07 19:34:26.966423,8.7,4119,3.9,Neutral,4
2025-01-23 19:34:26.966487,4.0,1000,5.6,Sad,0
2025-04-05 19:34:26.966559,9.1,3552,3.6,Neutral,3
2024-07-28 19:34:26.966869,9.7,1299,3.0,Sad,2
2025-04-17 19:34:26.967672,6.9,1000,5.8,Sad,2
2025-04-01 19:34:26.967931,6.7,11154,5.0,Neutral,5
2025-03-02 19:34:26.968093,7.8,11321,2.6,Happy,6
2025-02-02 19:34:26.968251,6.9,8519,1.1,Neutral,4
2025-03-28 19:34:26.968435,8.0,1255,3.3,Neutral,3
2024-07-28 19:34:26.968583,7.3,3657,4.8,Sad,2
2024-07-23 19:34:26.968745,9.6,17838,1.0,Happy,6
2025-06-04 19:34:26.968896,7.6,1000,8.9,Neutral,3
2025-02-10 19:34:26.969052,7.1,1369,3.9,Neutral,3
2024-08-29 19:34:26.969266,9.2,1356,5.5,Sad,1
2024-08-29 19:34:26.969440,9.6,5002,5.2,Neutral,4
2024-08-16 19:34:26.969597,6.0,1000,2.9,Neutral,3
2025-02-20 19:34:26.969754,8.8,1000,1.0,Neutral,5
2025-05-09 19:34:26.969917,5.9,5871,4.9,Sad,2
2025-05-16 19:34:26.970068,7.3,1000,2.4,Neutral,3
2025-04-28 19:34:26.970242,8.7,8497,1.5,Happy,7
2024-12-13 19:34:26.970422,11.3,1384,4.5,Sad,0
2025-04-30 19:34:26.970784,5.6,6472,1.4,Neutral,4
2025-02-27 19:34:26.971029,9.3,1000,4.6,Sad,1
2025-07-02 19:34:26.971220,10.3,5277,4.9,Sad,2
2025-06-30 19:34:26.971580,6.1,1354,6.3,Sad,1
2025-05-30 19:34:26.971810,8.9,5359,4.8,Neutral,3
2025-01-02 19:34:26.971993,7.7,2292,2.2,Neutral,3
2024-11-03 19:34:26.972169,7.4,11130,4.7,Happy,6
2025-02-18 19:34:26.972322,8.3,3492,3.5,Neutral,5
2024-09-29 19:34:26.972502,8.4,1647,2.3,Neutral,4
2025-01-29 19:34:26.972758,7.3,1000,3.6,Neutral,4
2024-08-28 19:34:26.972940,8.2,16568,3.9,Happy,6
2025-06-22 19:34:26.973028,8.7,2431,3.1,Neutral,4
2024-09-01 19:34:26.973109,7.8,13756,1.5,Happy,8
2024-11-19 19:34:26.973200,10.1,1000,4.1,Sad,0
2025-06-15 19:34:26.973347,8.0,5970,5.1,Neutral,3
2025-03-06 19:34:26.973501,9.6,1737,5.0,Sad,2
2025-06-04 19:34:26.973751,8.3,8004,10.0,Neutral,5
2024-10-20 19:34:26.974212,9.0,7943,3.4,Neutral,5
2025-03-20 19:34:26.974407,6.3,4317,3.5,Sad,2
2025-07-17 19:34:26.974702,6.7,3911,5.4,Sad,1
2025-01-05 19:34:26.974905,6.8,1000,6.2,Sad,2
2024-10-07 19:34:26.975142,7.7,1215,2.5,Neutral,4
2025-01-17 19:34:26.975405,7.6,3889,2.7,Neutral,4
2024-09-02 19:34:26.975613,8.7,18617,1.0,Happy,8
2025-04-11 19:34:26.975844,6.5,2889,5.7,Sad,1
2024-07-24 19:34:26.976178,10.0,1000,3.1,Sad,2
2024-12-15 19:34:26.976291,10.1,5396,4.8,Sad,2
2025-06-05 19:34:26.976383,10.0,4730,1.0,Neutral,3
2024-09-18 19:34:26.976568,9.4,1000,2.6,Sad,2
2024-11-21 19:34:26.976707,10.3,1000,1.0,Sad,2
2025-05-10 19:34:26.976839,7.1,2541,1.5,Neutral,5
2024-12-04 19:34:26.976973,9.5,1000,6.9,Sad,1
2024-11-07 19:34:26.977069,9.2,5374,4.0,Sad,2
2025-03-07 19:34:26.977242,7.6,4406,4.2,Neutral,3
2025-02-17 19:34:26.977511,9.9,3064,1.5,Neutral,4
2025-04-08 19:34:26.977612,7.6,2439,4.6,Sad,2
2025-03-08 19:34:26.977679,7.2,9317,3.0,Neutral,5
2024-08-01 19:34:26.977744,7.0,5965,5.8,Neutral,3
2024-10-07 19:34:26.977809,8.7,1656,5.3,Neutral,3
2024-07-26 19:34:26.977877,6.4,8221,4.0,Neutral,5
2025-05-24 19:34:26.977945,9.4,2083,2.8,Neutral,3
2025-03-25 19:34:26.978011,6.8,7023,6.6,Neutral,3
2024-10-09 19:34:26.978083,8.5,2464,3.4,Neutral,3
2025-04-10 19:34:26.978177,6.6,14984,4.2,Neutral,5
2025-03-29 19:34:26.978336,6.3,1735,8.2,Sad,2
2025-07-05 19:34:26.978493,5.7,6979,5.2,Sad,2
2024-11-25 19:34:26.978750,7.5,1000,2.2,Sad,2
2025-03-16 19:34:26.978906,10.2,10933,2.3,Neutral,4
2025-06-28 19:34:26.979000,8.1,4814,2.9,Neutral,3
2025-01-28 19:34:26.979069,7.8,8625,3.1,Happy,6
2025-05-13 19:34:26.979171,5.3,8377,1.2,Neutral,4
2024-12-14 19:34:26.979329,9.5,1000,4.6,Sad,2
2025-01-19 19:34:26.979481,8.8,1000,3.7,Neutral,3
2024-09-01 19:34:26.979591,7.5,3161,4.6,Sad,2
2025-06-02 19:34:26.979714,8.3,16373,7.1,Neutral,5
2025-01-05 19:34:26.979846,6.2,10147,4.4,Neutral,5
2024-08-18 19:34:26.980097,7.6,17417,2.5,Happy,8
2025-07-02 19:34:26.980312,8.1,5949,8.3,Neutral,3
2025-01-21 19:34:26.980556,8.8,1000,4.4,Sad,2
2024-12-23 19:34:26.980696,9.0,4839,2.3,Neutral,3
2024-12-28 19:34:26.980789,4.3,4381,2.9,Sad,0
2024-10-06 19:34:26.980891,8.0,8404,2.2,Happy,6
2024-12-12 19:34:26.980984,5.5,13495,7.7,Neutral,3
2024-10-14 19:34:26.981081,7.1,8318,1.0,Happy,7
2025-04-06 19:34:26.981160,7.3,2679,6.5,Sad,2
2024-10-31 19:34:26.981239,7.4,10002,4.0,Happy,6
2024-09-03 19:34:26.981337,6.8,2994,5.2,Sad,1
2024-11-02 19:34:26.981422,8.3,5569,1.0,Happy,6
2025-03-16 19:34:26.981501,8.0,3673,2.5,Neutral,4
2024-09-23 19:34:26.981595,9.8,9558,8.1,Neutral,4
2024-11-05 19:34:26.981674,7.1,1000,5.9,Neutral,3
2024-08-23 19:34:26.981754,8.8,1197,6.1,Sad,2
2025-01-20 19:34:26.981966,5.7,11725,1.0,Happy,6
2025-01-06 19:34:26.982263,4.2,7654,7.3,Sad,0
2024-12-14 19:34:26.982414,4.9,3072,3.9,Sad,0
2025-01-02 19:34:26.982482,8.1,1993,1.4,Neutral,5
2024-09-11 19:34:26.982556,8.0,1003,2.1,Neutral,4
2024-09-16 19:34:26.982635,7.1,3211,2.0,Neutral,4
2024-09-27 19:34:26.982717,6.7,1000,2.4,Sad,2
2024-10-30 19:34:26.982802,7.2,2264,7.9,Neutral,3
2025-06-29 19:34:26.982912,6.5,10340,4.4,Neutral,5
2025-01-26 19:34:26.982992,6.6,6896,2.9,Neutral,3
2025-03-15 19:34:26.983059,7.1,4815,1.0,Neutral,4
2024-08-30 19:34:26.983125,4.2,6881,5.2,Sad,1
2025-04-06 19:34:26.983204,12.0,1000,6.2,Sad,0
2025-05-26 19:34:26.983284,4.0,1388,2.5,Sad,0
2025-03-13 19:34:26.983357,6.5,1000,1.8,Neutral,4
2025-05-09 19:34:26.983446,8.9,5683,4.0,Neutral,5
2024-12-05 19:34:26.983516,7.6,4419,2.3,Neutral,3
2025-02-02 19:34:26.983581,9.9,1000,2.2,Sad,2
2025-02-13 19:34:26.983646,8.9,2201,7.8,Neutral,3
2025-05-29 19:34:26.983711,7.7,1353,2.7,Neutral,3
2025-07-20 19:34:26.983776,6.6,1000,2.3,Sad,1
2025-03-08 19:34:26.983878,8.5,20000,3.5,Happy,6
2025-06-16 19:34:26.983952,6.6,1000,5.5,Sad,2
2024-12-03 19:34:26.984137,7.8,4068,1.0,Neutral,5
2024-10-11 19:34:26.984533,6.5,1955,5.1,Sad,2
2024-09-27 19:34:26.984685,4.0,1388,4.5,Sad,0
2024-12-27 19:34:26.984915,8.5,1000,1.0,Happy,6
2025-05-25 19:34:26.985096,5.1,1000,2.3,Sad,1
2024-07-24 19:34:26.985313,9.0,1469,2.8,Neutral,3
2024-11-20 19:34:26.985469,8.7,4527,1.0,Neutral,4
2024-10-05 19:34:26.985604,8.4,8878,3.6,Happy,6
2024-10-26 19:34:26.985894,7.6,1000,4.2,Sad,2
2024-11-10 19:34:26.986030,9.3,1000,4.5,Sad,1
2024-08-12 19:34:26.986108,8.4,1000,4.8,Sad,2
2024-12-17 19:34:26.986270,7.9,2222,8.2,Sad,2
2024-08-27 19:34:26.986429,8.9,8480,1.0,Happy,6
2025-02-05 19:34:26.986647,4.7,6883,3.3,Sad,1
2024-09-11 19:34:26.986746,7.5,11491,5.7,Neutral,4
2024-08-02 19:34:26.986811,7.9,1000,5.5,Neutral,3
2024-08-03 19:34:26.986967,8.4,2039,4.7,Sad,2
2024-12-29 19:34:26.987044,8.4,11216,8.5,Neutral,5
2025-01-08 19:34:26.987116,8.1,1867,5.7,Sad,2
2025-01-23 19:34:26.987182,7.6,7187,3.0,Neutral,4
2025-06-12 19:34:26.987288,8.7,8609,3.5,Neutral,5
2024-09-17 19:34:26.987366,6.8,1301,4.8,Sad,2
2024-10-01 19:34:26.987445,9.0,5124,4.8,Neutral,4
2024-08-21 19:34:26.987530,6.3,1002,1.5,Neutral,4
2024-12-17 19:34:26.987600,8.8,2561,5.3,Sad,2
2025-04-20 19:34:26.987669,7.9,3524,1.7,Neutral,4
2025-02-04 19:34:26.987747,7.6,10283,4.2,Happy,6
2025-04-29 19:34:26.987871,8.2,6141,4.4,Neutral,4
2024-08-14 19:34:26.987946,5.8,4666,7.2,Sad,0
2024-11-03 19:34:26.988019,6.0,20000,3.7,Happy,7
2024-08-15 19:34:26.988087,8.3,2545,3.7,Neutral,3
2025-03-10 19:34:26.988167,6.0,3854,1.0,Sad,2
2025-06-27 19:34:26.988234,8.4,2130,3.3,Neutral,4
2025-06-22 19:34:26.988301,7.1,1000,1.0,Neutral,4
2024-10-25 19:34:26.988368,5.5,2714,3.5,Sad,2
2025-07-14 19:34:26.988433,10.3,1000,6.3,Sad,0
2024-08-21 19:34:26.988495,8.3,16229,3.5,Happy,6
2024-09-30 19:34:26.988558,11.4,1000,4.1,Sad,0
2024-08-15 19:34:26.988652,8.5,11416,2.9,Happy,6
2024-09-04 19:34:26.988821,7.5,4160,2.9,Neutral,4
2025-02-20 19:34:26.988916,4.0,2905,6.5,Sad,0
2024-09-11 19:34:26.988995,7.0,9894,3.3,Neutral,4
2025-02-15 19:34:26.989078,8.3,1578,1.8,Neutral,5
2024-12-03 19:34:26.989162,8.9,1000,6.5,Sad,2
2024-11-04 19:34:26.989276,6.4,5572,3.0,Neutral,4
2025-03-05 19:34:26.989382,5.7,1000,5.4,Sad,1
2024-12-15 19:34:26.989668,6.1,9679,3.3,Neutral,5
2025-03-15 19:34:26.989849,5.9,1734,5.2,Sad,0
2025-03-25 19:34:26.989945,10.1,11159,3.0,Neutral,5
2024-09-06 19:34:26.990032,6.4,4461,1.2,Neutral,4
2025-01-15 19:34:26.990202,5.4,2633,1.0,Neutral,3
2024-12-19 19:34:26.990307,7.8,7211,3.8,Neutral,5
2025-04-20 19:34:26.990379,7.5,8043,3.3,Neutral,5
2024-12-31 19:34:26.990444,8.0,5018,1.0,Neutral,5
2024-10-02 19:34:26.990533,6.9,9006,4.0,Neutral,4
2024-11-03 19:34:26.990609,6.7,1000,2.4,Sad,2
2024-08-12 19:34:26.990677,8.3,4039,6.1,Neutral,3
2025-02-25 19:34:26.990749,7.9,4587,6.0,Sad,2
2025-04-23 19:34:26.990814,8.3,12291,1.0,Happy,7
2025-05-28 19:34:26.990880,6.6,1000,4.1,Sad,1
2024-11-23 19:34:26.990947,7.8,4621,2.8,Neutral,3
2025-05-12 19:34:26.991015,6.1,6347,1.3,Neutral,5
2024-10-16 19:34:26.991083,4.9,3231,5.0,Sad,0
2025-03-05 19:34:26.991150,6.2,1000,5.4,Sad,2
2025-07-04 19:34:26.991213,5.2,1000,9.1,Sad,0
2024-12-22 19:34:26.991279,9.2,1000,2.6,Neutral,3
2025-01-30 19:34:26.991355,7.0,3420,2.7,Neutral,3
2025-04-26 19:34:26.991428,8.6,8032,2.9,Neutral,5
2024-11-05 19:34:26.991497,8.9,4460,2.5,Neutral,3
2025-07-18 19:34:26.991570,7.4,1023,5.2,Neutral,3
2025-01-10 19:34:26.991670,7.7,6588,5.1,Neutral,4
2024-11-09 19:34:26.991764,8.8,1436,4.9,Sad,2
2025-04-14 19:34:26.992022,7.4,20000,4.9,Happy,6
2025-04-24 19:34:26.992160,7.9,12354,1.4,Happy,8
2025-01-24 19:34:26.992246,7.2,17712,3.9,Happy,7
2025-03-09 19:34:26.992322,7.5,1921,4.1,Sad,2
2024-11-30 19:34:26.992416,8.3,1000,4.4,Sad,2
2025-04-12 19:34:26.992488,9.4,1000,2.2,Neutral,3
2025-02-14 19:34:26.992556,4.6,7820,6.1,Sad,0
2025-03-08 19:34:26.992627,7.9,1326,5.8,Neutral,3
2024-10-24 19:34:26.992701,7.6,8016,3.0,Happy,6
2025-06-15 19:34:26.992779,10.9,10344,3.3,Neutral,4
2025-05-20 19:34:26.992857,4.9,6689,3.2,Sad,1
2024-12-20 19:34:26.993036,5.5,1757,2.2,Sad,1
2025-05-03 19:34:26.993316,5.7,5691,6.0,Sad,1
2025-07-07 19:34:26.993477,7.4,4751,5.3,Neutral,3
2025-06-29 19:34:26.993560,9.9,3594,2.7,Sad,2
2025-06-23 19:34:26.993623,6.6,7561,2.9,Neutral,3
2025-06-15 19:34:26.993686,7.2,17385,6.8,Neutral,5
2025-03-22 19:34:26.993749,6.3,8459,4.9,Neutral,3
2025-04-15 19:34:26.993812,6.4,3849,7.1,Sad,2
2025-06-20 19:34:26.993875,6.6,10979,3.2,Happy,6
2025-02-17 19:34:26.993940,9.1,4002,3.6,Sad,2
2024-08-28 19:34:26.994007,5.4,6426,2.5,Sad,2
2024-08-12 19:34:26.994072,7.5,1243,3.0,Neutral,4
2024-09-09 19:34:26.994137,7.5,3275,6.4,Neutral,3
2025-06-28 19:34:26.994212,8.0,2137,5.4,Neutral,3
2025-04-04 19:34:26.994290,8.4,7983,3.3,Neutral,5
2025-05-27 19:34:26.994369,8.1,10098,5.6,Happy,6
2025-01-24 19:34:26.994439,9.1,4819,6.3,Sad,1
2025-02-25 19:34:26.994503,8.2,10637,3.7,Happy,7
2024-12-29 19:34:26.994566,9.3,1000,2.4,Neutral,3
2024-12-20 19:34:26.994627,8.1,3540,4.4,Neutral,3
2025-07-09 19:34:26.994689,5.5,5025,5.5,Sad,2
2025-03-03 19:34:26.994750,7.8,1000,4.5,Neutral,3
2025-07-07 19:34:26.994811,7.4,5006,4.6,Neutral,4
2024-11-27 19:34:26.994871,8.1,1000,6.1,Sad,2
2024-08-21 19:34:26.994930,7.7,2122,2.6,Neutral,3
2024-08-09 19:34:26.994990,7.7,10260,2.9,Happy,7
2025-05-17 19:34:26.995056,9.8,5748,3.9,Neutral,3
2025-04-14 19:34:26.995121,6.9,20000,1.1,Neutral,5
2025-05-14 19:34:26.995185,8.2,5915,3.0,Neutral,5
2024-12-19 19:34:26.995248,9.5,1595,5.3,Sad,1
2024-12-13 19:34:26.995313,10.3,2534,1.9,Neutral,3
2025-02-11 19:34:26.995377,7.2,1306,1.5,Neutral,5
2025-05-11 19:34:26.995443,7.4,17240,6.2,Happy,6
2024-08-17 19:34:26.995515,7.2,7493,5.1,Neutral,4
2024-11-28 19:34:26.995589,8.5,1000,6.7,Neutral,3
2025-01-27 19:34:26.995665,8.2,3284,2.6,Neutral,4
2024-09-26 19:34:26.995734,7.4,1000,1.1,Neutral,4
2024-12-12 19:34:26.995828,8.3,7986,3.1,Neutral,4
2025-07-10 19:34:26.995989,6.8,4581,1.0,Neutral,4
2025-06-09 19:34:26.996142,5.9,9834,2.1,Neutral,3
2025-04-01 19:34:26.996358,7.5,4813,1.7,Neutral,5
2024-09-28 19:34:26.996506,10.2,1000,4.4,Sad,0
2025-03-04 19:34:26.996660,7.1,1000,2.6,Neutral,3
2025-01-19 19:34:26.996949,6.4,1000,7.6,Sad,2
2025-05-30 19:34:26.997191,6.6,1000,5.1,Sad,2
2024-10-17 19:34:26.997410,6.3,6128,4.1,Sad,2
2024-11-21 19:34:26.997613,8.5,6260,4.8,Neutral,3
2024-12-12 19:34:26.997712,9.1,8432,6.6,Neutral,4
2024-07-29 19:34:26.997803,10.6,3736,2.6,Sad,1
2024-12-20 19:34:26.997880,7.8,1000,2.7,Neutral,3
2025-05-13 19:34:26.998057,7.0,18620,4.8,Neutral,5
2024-08-02 19:34:26.998165,6.7,7796,4.0,Neutral,5
2024-12-04 19:34:26.998301,10.1,1296,4.9,Sad,0
2024-11-25 19:34:26.998435,8.3,5700,3.5,Neutral,4
2025-07-05 19:34:26.998509,8.1,6787,5.3,Neutral,3
2025-05-02 19:34:26.998584,6.1,2318,4.4,Sad,2
2024-07-20 19:34:26.998658,10.0,3334,3.1,Sad,1
2024-11-12 19:34:26.998732,6.6,4486,7.0,Sad,2
2024-10-14 19:34:26.998823,6.6,6290,4.8,Neutral,3
2024-10-27 19:34:26.999007,7.1,3389,5.1,Sad,2
2025-07-04 19:34:26.999101,8.7,2225,1.0,Neutral,4
2025-01-19 19:34:26.999183,8.0,2480,1.4,Neutral,5
2025-03-10 19:34:26.999261,6.8,17503,4.7,Neutral,4
2024-09-29 19:34:26.999328,7.1,1000,4.2,Sad,2
2024-11-27 19:34:26.999431,9.0,2818,3.0,Neutral,4
2025-03-12 19:34:26.999525,5.4,6134,3.3,Sad,2
2025-04-26 19:34:26.999601,7.0,9294,8.2,Neutral,5
2025-02-13 19:34:26.999700,9.4,10135,3.5,Neutral,5
2025-07-01 19:34:26.999985,7.4,3787,3.9,Neutral,3
2025-01-16 19:34:27.000164,5.9,13581,4.2,Neutral,3
2025-07-06 19:34:27.000299,8.9,3032,4.7,Sad,1
2024-12-14 19:34:27.000479,11.9,5496,6.2,Sad,0
2025-01-27 19:34:27.000849,8.4,17518,1.9,Happy,8
2024-10-20 19:34:27.001354,6.5,2932,3.6,Neutral,3
2025-02-17 19:34:27.002059,8.8,14467,5.0,Neutral,5
2024-12-03 19:34:27.002814,10.5,4809,4.4,Sad,1
2025-04-07 19:34:27.003010,9.2,1214,6.4,Sad,1
2024-08-21 19:34:27.003183,9.9,5266,4.6,Sad,2
2024-07-26 19:34:27.003380,7.4,10230,4.7,Happy,6
2025-01-10 19:34:27.003552,9.7,6705,3.5,Neutral,4
2025-05-07 19:34:27.004588,9.3,8247,1.5,Happy,6
2025-05-17 19:34:27.004938,8.5,2859,3.7,Neutral,4
2024-11-13 19:34:27.005229,7.2,1962,4.0,Sad,2
2024-10-28 19:34:27.005521,5.0,5944,2.0,Sad,1
2025-01-03 19:34:27.005816,6.5,1289,1.4,Neutral,4
2024-10-23 19:34:27.006176,6.4,5516,2.6,Neutral,5
2024-08-06 19:34:27.006838,9.0,3660,3.4,Neutral,3
2025-07-06 19:34:27.007189,7.5,2087,1.2,Neutral,4
2025-01-28 19:34:27.007648,9.0,4681,8.9,Sad,2
2025-04-18 19:34:27.007842,8.4,6331,5.5,Neutral,4
2024-11-14 19:34:27.008023,7.7,1000,3.9,Neutral,3
2025-03-08 19:34:27.008209,8.3,1000,1.0,Neutral,4
2025-02-27 19:34:27.008336,6.0,8123,1.8,Neutral,5
2024-08-10 19:34:27.008455,8.1,4712,2.0,Neutral,4
2025-03-04 19:34:27.008555,6.0,1000,3.6,Sad,2
2025-05-02 19:34:27.008652,8.3,3723,2.8,Neutral,4
2024-12-10 19:34:27.008761,5.1,16474,4.9,Neutral,4
2024-12-08 19:34:27.008846,7.4,3995,4.3,Sad,2
2024-10-30 19:34:27.008974,7.7,8551,5.1,Neutral,4
2025-04-14 19:34:27.009080,8.1,1191,1.2,Neutral,5
2024-11-15 19:34:27.009238,5.6,7582,2.6,Neutral,3
2024-11-24 19:34:27.009480,6.7,2755,2.7,Neutral,3
2024-08-09 19:34:27.009723,6.2,4416,8.3,Sad,2
2024-08-25 19:34:27.009957,6.4,9931,3.6,Neutral,4
2024-09-22 19:34:27.011107,7.6,4670,3.7,Neutral,3
2025-04-12 19:34:27.011595,7.9,2478,3.8,Neutral,5
2025-04-15 19:34:27.011801,6.3,2794,7.3,Sad,2
2024-12-11 19:34:27.012051,9.2,20000,5.1,Neutral,5
2024-07-21 19:34:27.012444,6.9,1000,3.6,Sad,2
2025-03-05 19:34:27.012683,6.4,2192,4.1,Sad,1
2025-02-23 19:34:27.012852,7.9,10604,1.0,Happy,8
2024-11-20 19:34:27.013013,10.7,1960,6.5,Sad,0
2025-01-01 19:34:27.013241,10.0,3129,4.8,Sad,1
2024-12-02 19:34:27.013519,6.5,15806,5.1,Neutral,4
2024-09-19 19:34:27.013762,7.8,1000,1.2,Neutral,5
2024-11-22 19:34:27.013910,7.0,2135,6.2,Neutral,3
2024-08-29 19:34:27.014080,5.9,20000,3.4,Neutral,5
2024-09-03 19:34:27.014230,8.7,9226,8.6,Neutral,5
2025-03-01 19:34:27.014355,7.8,1000,3.4,Neutral,4
2025-03-10 19:34:27.014489,8.4,6167,2.4,Neutral,4
2024-11-05 19:34:27.014610,4.7,2529,5.0,Sad,1
2025-02-05 19:34:27.014744,5.8,3625,4.0,Sad,2
2025-05-31 19:34:27.014893,7.6,2395,3.8,Neutral,4
2024-12-26 19:34:27.015122,8.4,1816,3.7,Neutral,3
2024-12-15 19:34:27.015282,8.3,2124,2.2,Neutral,4
2024-09-23 19:34:27.015449,7.8,8643,3.9,Happy,6
2024-12-22 19:34:27.015594,9.6,1000,5.1,Sad,0
2025-04-09 19:34:27.015737,7.6,1000,2.8,Neutral,3
2025-03-22 19:34:27.015885,7.6,16880,5.1,Neutral,5
2025-06-14 19:34:27.016001,6.5,3527,2.1,Sad,2
2024-10-14 19:34:27.016090,5.7,4832,5.2,Sad,0
2024-12-25 19:34:27.016161,8.1,1000,3.6,Neutral,4
2025-02-24 19:34:27.016272,7.7,20000,3.3,Happy,6
2025-06-12 19:34:27.016451,6.9,1000,2.8,Sad,2
2025-02-01 19:34:27.016543,6.9,3560,4.3,Sad,1
2024-08-01 19:34:27.016609,8.9,4889,1.0,Neutral,5
2024-11-29 19:34:27.016674,5.4,2292,3.6,Sad,2
2024-09-03 19:34:27.016768,7.0,6614,2.8,Neutral,3
2025-03-27 19:34:27.016899,6.7,3831,4.8,Sad,1
2025-02-28 19:34:27.017027,7.5,3969,6.4,Sad,2
2025-06-16 19:34:27.017207,7.5,1000,2.1,Neutral,4
2024-12-18 19:34:27.017492,6.2,3231,1.3,Neutral,3
2025-03-27 19:34:27.017735,9.7,11132,3.6,Happy,6
2025-06-27 19:34:27.017894,5.8,2877,5.4,Sad,0
2025-02-16 19:34:27.018038,10.7,5384,2.8,Neutral,3
2024-11-03 19:34:27.018192,8.7,4758,4.1,Sad,2
2024-11-23 19:34:27.018336,8.2,3589,2.6,Neutral,3
2025-02-26 19:34:27.018477,7.6,1000,3.3,Neutral,4
2025-03-11 19:34:27.018618,5.5,2151,2.1,Sad,2
2025-05-22 19:34:27.018744,9.2,1024,6.4,Sad,2
2024-11-12 19:34:27.018957,9.0,4899,2.5,Neutral,3
2024-09-17 19:34:27.019127,6.7,1000,6.7,Sad,2
2024-11-14 19:34:27.019274,8.2,1000,8.3,Neutral,3
2024-08-27 19:34:27.019436,10.2,6893,5.1,Sad,2
2024-10-01 19:34:27.019620,7.0,13161,2.3,Neutral,5
2025-05-05 19:34:27.019790,5.6,2828,8.1,Sad,0
2024-07-23 19:34:27.020837,7.2,10898,3.4,Happy,6
2024-09-30 19:34:27.021235,8.9,8462,3.7,Happy,6
2025-01-23 19:34:27.021469,7.1,9225,7.2,Neutral,5
2024-09-09 19:34:27.021683,8.6,5337,4.4,Neutral,3
2025-05-16 19:34:27.021944,8.1,8512,2.7,Happy,6
2025-07-06 19:34:27.022205,5.3,9184,4.6,Neutral,3
2024-12-31 19:34:27.022418,7.9,1765,9.2,Neutral,3
2024-11-02 19:34:27.022641,8.4,10330,6.6,Happy,6
2024-11-03 19:34:27.022837,7.3,1000,1.6,Neutral,5
2024-09-20 19:34:27.023219,6.1,20000,3.6,Neutral,5
2024-12-16 19:34:27.023396,6.6,4049,5.2,Sad,2
2025-02-22 19:34:27.023547,9.7,1041,6.4,Sad,1
2025-06-03 19:34:27.023723,7.3,7156,4.0,Neutral,3
2025-01-09 19:34:27.023937,5.8,1000,5.4,Sad,0
2024-08-05 19:34:27.024135,10.1,10866,3.2,Neutral,4
2024-09-16 19:34:27.024361,9.7,2660,1.0,Neutral,4
2025-06-16 19:34:27.024515,6.7,5140,9.1,Neutral,3
2024-10-07 19:34:27.024634,6.5,4121,8.1,Sad,2
2024-10-15 19:34:27.024780,9.0,1572,5.2,Sad,1
2025-02-28 19:34:27.024883,9.5,1000,3.7,Sad,2
2025-06-15 19:34:27.024985,8.5,7770,5.9,Sad,2
2025-01-02 19:34:27.025400,8.7,1000,2.6,Neutral,3
2024-08-30 19:34:27.025514,7.4,4559,3.8,Neutral,4
2024-10-17 19:34:27.025746,8.4,2734,6.4,Neutral,3
2025-04-14 19:34:27.025941,7.2,9156,2.1,Happy,6
2025-02-09 19:34:27.026210,4.6,4430,3.0,Sad,0
2025-02-01 19:34:27.026355,7.7,1774,1.0,Neutral,5
2025-04-19 19:34:27.026540,7.2,9223,5.0,Neutral,4
2024-10-31 19:34:27.026665,5.7,1000,1.0,Neutral,3
2025-07-04 19:34:27.026732,6.9,3430,7.3,Sad,1
2025-07-11 19:34:27.026796,6.6,4710,4.9,Sad,2
2025-04-11 19:34:27.026858,6.6,5349,3.8,Neutral,3
2025-07-09 19:34:27.026922,6.2,11835,2.3,Neutral,5
2025-03-30 19:34:27.026985,6.1,7123,7.0,Sad,2
2025-02-15 19:34:27.027050,7.5,1000,2.5,Neutral,4
2024-10-07 19:34:27.027115,5.8,2647,5.5,Sad,0
2025-06-08 19:34:27.027181,7.6,13809,5.0,Neutral,5
2025-02-18 19:34:27.027247,6.6,1506,5.6,Sad,1
2024-08-09 19:34:27.027310,7.9,3117,1.3,Neutral,5
2024-08-16 19:34:27.027388,8.0,2150,2.5,Neutral,3
2024-11-30 19:34:27.027451,7.8,3705,6.3,Sad,2
2025-06-11 19:34:27.027516,7.7,6152,2.3,Neutral,5
2024-10-27 19:34:27.027585,5.9,1000,1.0,Sad,2
2025-04-25 19:34:27.027670,10.5,2653,5.2,Sad,2
2024-08-09 19:34:27.027754,7.5,8209,2.5,Neutral,5
2025-05-03 19:34:27.027820,7.4,7715,2.7,Neutral,4
2025-02-26 19:34:27.027883,6.8,7068,2.1,Neutral,3
2025-02-24 19:34:27.027946,7.6,10511,3.4,Happy,6
2025-03-01 19:34:27.028009,8.8,3868,3.8,Neutral,3
2025-04-18 19:34:27.028070,7.5,5346,3.1,Neutral,5
2025-01-20 19:34:27.028146,7.7,1692,1.1,Neutral,5
2024-11-18 19:34:27.028212,9.6,5033,3.1,Neutral,4
2025-01-23 19:34:27.028277,7.6,1000,5.7,Neutral,3
2024-11-19 19:34:27.028338,8.5,1904,3.3,Neutral,3
2025-02-09 19:34:27.028399,6.1,2901,4.8,Sad,1
2025-01-02 19:34:27.028462,7.8,10703,4.0,Happy,6
2025-07-08 19:34:27.028524,7.4,20000,4.9,Happy,6
2025-01-12 19:34:27.028586,9.6,1000,3.6,Neutral,3
2025-02-17 19:34:27.028648,9.3,6353,9.2,Sad,2
2024-12-05 19:34:27.028711,8.4,9765,4.3,Neutral,5
2024-09-23 19:34:27.028776,6.0,3185,6.3,Sad,0
2024-07-24 19:34:27.028844,9.5,2214,6.6,Sad,1
2025-06-21 19:34:27.028910,6.0,6224,3.0,Neutral,3
2025-04-11 19:34:27.028973,6.9,2138,7.2,Sad,1
2025-05-27 19:34:27.029036,9.3,2172,7.0,Sad,1
2025-02-21 19:34:27.029114,9.3,19341,2.2,Happy,6
2024-09-30 19:34:27.029183,5.7,5797,6.4,Sad,1
2025-01-17 19:34:27.029258,8.3,9071,5.7,Neutral,4
2024-12-09 19:34:27.029336,7.7,1821,7.9,Neutral,3
2025-01-13 19:34:27.029409,5.5,13927,4.7,Neutral,4
2025-07-07 19:34:27.029490,8.5,1507,6.2,Neutral,3
2025-03-07 19:34:27.029568,8.5,4109,3.7,Neutral,3
2025-07-17 19:34:27.029641,9.2,3955,3.8,Neutral,3
2025-04-11 19:34:27.029718,7.4,1000,2.9,Neutral,3
2025-04-17 19:34:27.029793,8.0,1642,4.4,Sad,2
2025-07-01 19:34:27.029867,8.6,12082,5.5,Happy,6
2025-03-30 19:34:27.029935,6.1,8842,6.2,Neutral,4
2025-02-05 19:34:27.030001,6.9,1000,4.7,Sad,2
2024-09-17 19:34:27.030083,7.2,1000,3.3,Neutral,3
2025-05-18 19:34:27.030151,7.1,4560,1.9,Neutral,4
2025-07-20 19:34:27.030220,8.9,11142,7.4,Happy,6
2025-06-05 19:34:27.030292,6.5,1000,4.1,Sad,2
2024-11-10 19:34:27.030371,6.1,1000,4.5,Sad,2
2025-07-16 19:34:27.030440,8.5,8838,4.4,Neutral,5
2024-11-18 19:34:27.030509,4.0,1905,5.4,Sad,0
2024-11-09 19:34:27.030581,7.0,4605,3.7,Neutral,3
2024-09-22 19:34:27.030652,9.9,4478,6.6,Sad,1
2024-10-31 19:34:27.030722,8.7,3590,3.5,Neutral,3
2024-11-10 19:34:27.030792,10.8,15032,3.6,Neutral,5
2025-04-12 19:34:27.030873,8.4,3528,2.8,Neutral,4
2025-02-19 19:34:27.030945,6.4,3197,1.4,Neutral,3
2024-12-28 19:34:27.031015,4.4,1091,1.0,Sad,2
2024-12-22 19:34:27.031083,7.6,1000,1.1,Neutral,5
2024-09-23 19:34:27.031151,6.6,4243,1.0,Neutral,4
2025-02-04 19:34:27.031213,7.3,1000,5.3,Sad,2
2025-05-19 19:34:27.031276,7.9,2117,6.2,Neutral,3
2025-04-07 19:34:27.031338,10.4,20000,3.9,Neutral,4
2024-08-19 19:34:27.031401,6.5,2509,1.0,Neutral,3
2025-05-01 19:34:27.031467,7.9,4681,5.0,Neutral,3
2024-11-25 19:34:27.031531,6.7,15512,3.0,Happy,6
2025-01-07 19:34:27.031597,9.9,1000,5.8,Sad,1
2025-02-22 19:34:27.031685,4.2,2302,3.6,Sad,0
2025-06-27 19:34:27.031765,7.3,1000,4.2,Neutral,3
2025-06-20 19:34:27.031832,7.2,5521,1.8,Happy,6
2025-04-17 19:34:27.031924,7.4,5054,4.0,Neutral,4
2024-11-02 19:34:27.031985,8.6,10345,2.8,Happy,7
2024-08-08 19:34:27.032045,5.8,1000,4.2,Sad,0
2024-09-09 19:34:27.032104,6.5,3327,2.9,Neutral,3
2024-12-06 19:34:27.032162,7.7,2101,1.9,Neutral,5
2024-08-14 19:34:27.032221,9.4,9341,2.7,Neutral,5
2025-03-07 19:34:27.032279,5.7,1828,5.8,Sad,0
2025-05-07 19:34:27.032341,9.7,8006,4.6,Neutral,4
2025-03-14 19:34:27.032399,7.3,1919,5.6,Sad,2
2024-08-01 19:34:27.032457,9.3,4594,6.1,Sad,2
2025-01-26 19:34:27.032520,5.9,2815,3.2,Sad,1
2024-09-01 19:34:27.032579,6.9,1000,6.6,Sad,2
2024-07-23 19:34:27.032638,6.7,2635,3.6,Neutral,3
2025-04-01 19:34:27.032700,5.7,4654,1.5,Sad,2
2024-10-23 19:34:27.032760,7.5,5828,4.6,Neutral,3
2025-05-01 19:34:27.032819,5.8,1000,5.1,Sad,1
2024-12-24 19:34:27.032878,6.8,1000,3.8,Sad,2
2024-10-24 19:34:27.032937,7.0,1000,3.5,Neutral,3
2025-01-02 19:34:27.032996,8.3,1000,3.4,Neutral,3
2025-04-09 19:34:27.033054,7.8,10964,6.3,Happy,6
2024-11-19 19:34:27.033113,7.3,2434,4.9,Neutral,3
2025-06-21 19:34:27.033172,4.4,1000,7.5,Sad,1
2025-01-02 19:34:27.033231,8.5,2903,5.0,Sad,2
2024-09-14 19:34:27.033294,6.2,1082,3.7,Sad,2
2024-08-12 19:34:27.033354,4.5,4343,5.5,Sad,0
2024-11-13 19:34:27.033414,5.8,4920,1.0,Sad,2
2025-01-12 19:34:27.033475,9.2,4846,7.9,Sad,1
2024-09-03 19:34:27.033534,5.6,1000,9.3,Sad,0
2024-12-30 19:34:27.033593,7.9,3811,4.9,Sad,2
2024-11-09 19:34:27.033687,7.9,7904,5.2,Neutral,3
2024-11-10 19:34:27.033771,8.1,3302,3.9,Neutral,4
2025-01-21 19:34:27.033832,9.1,2352,2.2,Sad,2
2025-07-15 19:34:27.033915,6.6,3579,6.7,Neutral,3
2025-06-26 19:34:27.033974,7.1,10033,3.9,Happy,7
2024-11-29 19:34:27.034032,8.3,4261,5.3,Neutral,3
2024-10-29 19:34:27.034359,7.2,11178,5.2,Neutral,4
2025-07-08 19:34:27.034474,8.5,1000,4.4,Neutral,3
2025-05-27 19:34:27.034548,7.1,6413,2.5,Neutral,5
2024-08-20 19:34:27.034697,6.0,8159,1.2,Neutral,5
2025-07-12 19:34:27.034822,6.5,15785,5.9,Neutral,5
2024-11-21 19:34:27.034961,8.6,6744,5.0,Neutral,4
2025-07-09 19:34:27.035168,6.6,7325,6.4,Neutral,3
2024-10-28 19:34:27.035416,8.0,1000,6.1,Sad,2
2025-07-06 19:34:27.035522,7.5,2617,2.6,Neutral,3
2024-10-09 19:34:27.035645,6.3,8257,3.4,Neutral,5
2024-10-03 19:34:27.035738,8.4,1780,4.0,Sad,2
2025-02-03 19:34:27.035813,8.5,1000,5.9,Sad,2
2024-10-19 19:34:27.035890,6.4,1749,2.5,Sad,2
2024-08-03 19:34:27.035988,8.7,1939,3.6,Neutral,3
2024-12-04 19:34:27.036071,7.3,5114,4.1,Neutral,4
2025-03-17 19:34:27.036138,9.5,1000,1.4,Neutral,4
2025-05-16 19:34:27.036287,9.0,2983,7.6,Sad,2
2024-11-02 19:34:27.036565,7.8,1384,3.0,Neutral,4
2024-10-10 19:34:27.036828,8.3,8147,6.1,Happy,6
2024-09-22 19:34:27.037009,8.1,1583,3.0,Neutral,3
2025-05-26 19:34:27.037256,7.5,1000,3.0,Neutral,4
2024-08-22 19:34:27.037368,6.3,1000,6.2,Sad,1
2024-08-08 19:34:27.037552,7.5,1615,3.3,Neutral,4
2025-07-11 19:34:27.037637,8.7,1900,2.3,Neutral,3
2024-10-09 19:34:27.037709,6.3,1576,3.0,Neutral,3
2024-08-17 19:34:27.037772,7.9,2844,4.4,Sad,2
2024-09-07 19:34:27.037835,8.6,16632,4.5,Neutral,5
2025-06-26 19:34:27.037900,4.0,5008,3.7,Sad,2
2024-12-09 19:34:27.037964,6.3,5488,4.2,Neutral,3
2024-08-01 19:34:27.038028,6.6,7612,3.4,Neutral,3
2025-01-15 19:34:27.038112,7.7,2231,4.0,Neutral,3
2025-03-06 19:34:27.038181,5.3,1171,1.0,Sad,2
2025-01-12 19:34:27.038244,5.4,1000,3.1,Sad,2
2025-06-24 19:34:27.038304,8.0,1191,4.6,Sad,2
2025-04-01 19:34:27.038365,10.7,10607,5.3,Neutral,3
2024-07-30 19:34:27.038425,5.2,1000,5.6,Sad,1
2025-07-08 19:34:27.038485,8.7,1896,1.6,Neutral,5
2025-03-26 19:34:27.038545,6.1,11046,5.3,Neutral,4
2025-06-11 19:34:27.038604,5.4,1000,4.1,Sad,0
2024-09-05 19:34:27.038670,8.6,1000,3.0,Neutral,3
2024-12-31 19:34:27.038731,5.8,1000,3.5,Sad,1
2025-03-13 19:34:27.038791,4.0,3785,3.6,Sad,0
2024-11-09 19:34:27.038850,7.5,3118,4.0,Neutral,3
2024-10-30 19:34:27.038914,5.7,7435,6.2,Sad,2
2025-06-02 19:34:27.038991,9.8,18651,5.3,Neutral,5
2024-10-01 19:34:27.039067,7.0,1000,2.9,Neutral,3
2024-08-21 19:34:27.039145,6.4,3648,1.5,Neutral,3
2025-04-25 19:34:27.039226,7.7,9388,4.1,Neutral,5
2024-08-06 19:34:27.039308,8.5,3062,1.0,Neutral,4
2024-08-25 19:34:27.039400,7.3,6880,1.0,Neutral,5
2024-10-18 19:34:27.039464,7.4,15825,4.0,Happy,6
2024-08-10 19:34:27.039536,5.6,1089,2.8,Sad,2
2024-10-03 19:34:27.039600,6.0,7600,1.8,Neutral,5
2024-10-30 19:34:27.039660,8.2,2456,6.3,Sad,2
2025-01-14 19:34:27.039721,8.8,2117,3.5,Neutral,4
2024-12-14 19:34:27.039780,9.0,6150,3.8,Neutral,4
2024-09-15 19:34:27.039844,7.3,15842,1.0,Happy,8
2024-07-29 19:34:27.039903,10.5,1000,4.0,Sad,1
2025-06-21 19:34:27.039963,6.6,3077,1.0,Neutral,4
2024-12-25 19:34:27.040022,5.4,1000,3.5,Sad,2
2025-07-08 19:34:27.040081,8.1,1385,1.0,Neutral,5
2025-05-12 19:34:27.040140,10.5,1000,1.3,Neutral,3
2025-04-05 19:34:27.040199,7.6,1054,4.9,Neutral,3
2024-11-17 19:34:27.040258,6.5,3239,5.0,Sad,1
2025-04-19 19:34:27.040317,8.7,5116,2.1,Neutral,5
2024-10-23 19:34:27.040376,9.7,3454,4.7,Sad,2
2025-05-24 19:34:27.040435,7.2,1298,1.5,Neutral,5
2024-12-17 19:34:27.040493,8.8,6525,3.1,Neutral,4
2025-03-15 19:34:27.040552,6.2,1000,8.2,Sad,1
2025-04-03 19:34:27.040614,7.0,2536,2.7,Sad,2
2025-03-02 19:34:27.040676,5.1,7017,1.0,Neutral,4
2025-07-18 19:34:27.040737,6.5,4151,5.6,Sad,2
2025-05-31 19:34:27.040796,5.6,1374,4.0,Sad,0
2024-09-01 19:34:27.040855,6.9,15024,5.4,Neutral,4
2024-12-10 19:34:27.040915,10.5,4338,7.2,Sad,1
2025-04-11 19:34:27.040984,6.2,11226,1.3,Happy,7
2025-01-08 19:34:27.041051,6.9,3234,1.1,Neutral,3
2025-03-21 19:34:27.041115,5.6,2014,4.7,Sad,0
2025-02-09 19:34:27.041175,8.2,1000,1.0,Neutral,5
2024-10-25 19:34:27.041236,8.2,2018,4.8,Neutral,3
2024-11-27 19:34:27.041297,8.6,5315,1.0,Happy,6
2024-10-23 19:34:27.041357,6.7,1000,3.8,Neutral,3
2024-09-29 19:34:27.041423,4.0,1000,1.8,Sad,1
2025-01-27 19:34:27.041485,8.5,6771,1.7,Neutral,5
2025-02-08 19:34:27.041545,9.2,1804,6.4,Sad,1
2024-09-18 19:34:27.041604,6.8,2317,4.9,Sad,2
2024-08-12 19:34:27.041679,4.9,5408,4.2,Sad,0
2024-09-21 19:34:27.041887,6.3,7585,5.0,Neutral,3
2024-11-04 19:34:27.041989,7.7,1000,5.3,Sad,2
2025-04-22 19:34:27.042055,9.1,7114,2.0,Neutral,4
2024-12-09 19:34:27.042122,6.1,3555,5.2,Sad,1
2025-02-14 19:34:27.042190,8.3,6264,5.8,Neutral,4
2024-11-06 19:34:27.042254,7.4,5930,5.3,Neutral,4
2025-04-30 19:34:27.042318,8.8,1086,2.8,Neutral,3
2025-03-27 19:34:27.042401,5.7,19204,4.9,Neutral,4
2025-07-20 19:34:27.042474,8.2,14695,7.3,Neutral,4
2025-05-27 19:34:27.042534,7.4,1000,5.4,Neutral,3
2025-06-01 19:34:27.042595,7.1,9131,3.9,Neutral,5
2025-04-10 19:34:27.042656,8.2,1339,5.8,Neutral,3
2024-12-02 19:34:27.042715,8.3,1000,4.1,Neutral,3
2025-07-03 19:34:27.042774,7.6,9925,5.0,Neutral,4
2025-04-14 19:34:27.042834,4.3,1000,6.2,Sad,0
2024-09-17 19:34:27.042893,6.0,10255,6.1,Neutral,4
2025-06-27 19:34:27.042956,8.5,4240,1.3,Neutral,5
2025-03-17 19:34:27.043017,6.5,1695,1.9,Neutral,3
2024-12-03 19:34:27.043077,5.2,6596,6.2,Sad,1
2024-08-28 19:34:27.043137,7.3,7656,2.9,Neutral,4
2024-09-19 19:34:27.043196,5.8,1000,6.5,Sad,1
2024-11-01 19:34:27.043259,7.3,5132,6.2,Neutral,4
2025-05-20 19:34:27.043318,7.0,6950,1.3,Neutral,4
2025-03-01 19:34:27.043377,6.7,1617,4.7,Sad,1
2025-05-31 19:34:27.043437,7.5,1000,2.5,Neutral,4
2025-06-27 19:34:27.043495,6.6,6096,1.0,Neutral,4
2024-12-03 19:34:27.043554,5.3,1149,2.7,Sad,1
2025-03-01 19:34:27.043613,7.3,1694,4.4,Neutral,3
2024-08-23 19:34:27.043672,6.4,1000,4.4,Sad,1
2025-06-20 19:34:27.043731,7.8,1000,7.3,Neutral,3
2025-04-18 19:34:27.043791,5.6,1000,5.7,Sad,1
2025-01-05 19:34:27.043850,9.0,4708,1.8,Neutral,3
2025-01-08 19:34:27.043909,9.0,14662,4.5,Neutral,4
2024-07-27 19:34:27.043968,7.9,4428,6.1,Neutral,3
2025-05-12 19:34:27.044029,7.2,4372,3.9,Neutral,3
2024-09-29 19:34:27.044089,5.1,15800,6.2,Neutral,3
2024-12-30 19:34:27.044148,8.3,18862,2.0,Happy,7
2025-03-27 19:34:27.044207,7.3,6899,3.7,Neutral,5
2025-04-29 19:34:27.044285,6.8,6426,1.0,Neutral,5
2024-12-27 19:34:27.044345,7.4,4750,1.4,Neutral,5
2024-09-29 19:34:27.044403,6.7,1111,4.5,Sad,2
2024-09-01 19:34:27.044462,8.4,1000,2.4,Neutral,3
2024-09-27 19:34:27.044521,6.1,1000,2.3,Neutral,3
2024-08-10 19:34:27.044579,7.0,4666,2.8,Neutral,4
2025-07-19 19:34:27.044638,8.2,13493,4.9,Neutral,5
2025-02-17 19:34:27.044696,7.8,4795,5.7,Neutral,3
2024-11-03 19:34:27.044755,6.4,2319,4.1,Sad,2
2024-12-04 19:34:27.044820,8.6,3864,2.4,Neutral,3
2024-09-08 19:34:27.044881,8.0,7741,5.4,Neutral,5
2025-03-19 19:34:27.044940,6.4,1427,2.8,Neutral,3
2025-01-24 19:34:27.045000,10.5,13766,2.5,Neutral,4
2024-08-11 19:34:27.045060,4.8,1000,4.1,Sad,0
2024-12-29 19:34:27.045132,7.5,13094,2.6,Happy,7
2024-10-07 19:34:27.045202,6.9,2635,1.5,Neutral,4
2025-02-17 19:34:27.045268,7.1,1000,3.4,Neutral,4
2024-11-17 19:34:27.045334,5.9,10672,5.1,Neutral,4
2025-04-12 19:34:27.045399,7.0,1853,2.8,Neutral,4
2025-03-07 19:34:27.045464,5.0,3834,1.3,Sad,2
2024-08-03 19:34:27.045528,8.2,1839,5.1,Sad,2
2025-01-26 19:34:27.045593,5.5,3522,3.5,Sad,1
2024-10-28 19:34:27.045658,7.8,1077,10.0,Neutral,3
2024-10-29 19:34:27.045717,8.8,9097,4.8,Neutral,5
2025-02-15 19:34:27.045777,10.6,1000,1.7,Sad,2
2024-09-14 19:34:27.045837,8.3,5920,3.2,Neutral,4
2025-03-26 19:34:27.045896,9.0,3617,5.8,Sad,2
2024-08-20 19:34:27.045955,8.1,2186,3.6,Neutral,3
2025-07-03 19:34:27.046014,11.1,1407,4.9,Sad,0
2024-09-29 19:34:27.046072,6.6,1334,6.0,Neutral,3
2024-09-22 19:34:27.046131,5.1,3892,1.0,Neutral,3
2025-07-13 19:34:27.046190,9.1,1000,1.0,Neutral,4
2025-05-07 19:34:27.046249,8.0,3801,5.8,Neutral,3
2024-10-20 19:34:27.046307,6.1,1000,2.2,Sad,2
2025-01-29 19:34:27.046366,6.0,2486,5.3,Sad,1
2024-10-11 19:34:27.046428,7.8,3544,3.4,Neutral,3
2025-02-05 19:34:27.046487,11.4,4950,1.8,Sad,1
2025-03-16 19:34:27.046546,8.8,1000,4.6,Neutral,3
2025-05-08 19:34:27.046604,8.1,9267,4.8,Neutral,3
2025-05-29 19:34:27.046663,7.2,7840,1.4,Neutral,5
2024-09-01 19:34:27.046722,6.3,2453,3.9,Sad,2
2025-04-04 19:34:27.046815,8.9,3901,2.8,Neutral,4
2025-02-01 19:34:27.046878,9.3,2841,3.0,Sad,2
2025-03-29 19:34:27.046939,6.5,2157,2.8,Sad,2
2025-04-22 19:34:27.046999,6.6,6413,1.0,Neutral,5
2025-02-17 19:34:27.047058,9.0,1000,5.3,Sad,2
2024-09-16 19:34:27.047117,7.2,8160,4.0,Happy,6
2025-03-09 19:34:27.047176,9.8,1000,4.9,Sad,2
2025-02-27 19:34:27.047238,8.6,8122,5.6,Neutral,4
2024-11-07 19:34:27.047297,7.6,5560,6.8,Neutral,4
2025-03-29 19:34:27.047356,6.8,11055,3.0,Happy,6
2024-11-05 19:34:27.047415,7.8,7108,7.4,Neutral,4
2025-06-26 19:34:27.047474,7.8,5003,5.9,Neutral,3
2025-01-16 19:34:27.047537,5.7,6300,2.3,Sad,2
2025-06-20 19:34:27.047596,5.9,1209,2.4,Sad,2
2025-07-01 19:34:27.047655,7.3,3536,2.2,Neutral,4
2024-08-18 19:34:27.047716,8.3,7954,6.1,Neutral,4
2024-11-21 19:34:27.047777,5.9,1533,4.3,Sad,1
2024-11-29 19:34:27.047840,5.7,1059,2.2,Sad,1
2024-10-25 19:34:27.047919,8.6,4523,5.7,Sad,2
2024-12-06 19:34:27.047978,8.3,7153,5.3,Neutral,3
2025-02-15 19:34:27.048040,9.7,2831,4.7,Sad,1
2025-02-24 19:34:27.048099,7.6,1950,3.5,Neutral,4
2025-07-02 19:34:27.048181,7.1,20000,4.7,Happy,6
2024-08-19 19:34:27.048241,8.2,1000,1.0,Neutral,5
2025-07-04 19:34:27.048301,6.3,8216,2.0,Neutral,5
2024-12-18 19:34:27.048360,7.4,7656,3.7,Neutral,4
2025-06-05 19:34:27.048419,8.5,5311,5.2,Neutral,4
2024-07-29 19:34:27.048478,8.1,4143,6.2,Neutral,3
2024-08-09 19:34:27.048537,8.0,4420,4.3,Neutral,3
2024-10-26 19:34:27.048596,7.0,6144,7.1,Sad,2
2024-11-14 19:34:27.048655,6.7,4542,4.7,Sad,0
2025-05-08 19:34:27.048714,8.4,4496,5.8,Sad,2
2024-09-16 19:34:27.048803,6.5,5616,1.9,Neutral,5
2025-06-18 19:34:27.048867,10.4,5972,4.0,Sad,1
2025-01-20 19:34:27.048926,8.8,1000,6.5,Neutral,3
2024-07-28 19:34:27.048986,8.3,3036,2.2,Neutral,4
2025-03-01 19:34:27.049048,8.2,1000,7.1,Neutral,3
2025-03-31 19:34:27.049107,8.1,16210,4.9,Neutral,5
2025-03-25 19:34:27.049166,12.0,2569,4.5,Sad,0
2025-05-31 19:34:27.049232,8.1,4375,3.6,Neutral,3
2025-02-10 19:34:27.049310,9.2,1000,3.9,Sad,2
2024-08-02 19:34:27.049384,7.8,10642,2.5,Happy,7
2025-03-30 19:34:27.049474,8.7,1186,5.3,Sad,2
2025-02-15 19:34:27.049534,8.8,20000,2.7,Happy,7
2025-02-19 19:34:27.049593,7.6,3127,3.0,Neutral,3
2024-08-15 19:34:27.049652,7.2,1000,2.5,Neutral,3
2025-03-28 19:34:27.049715,6.4,3165,3.0,Sad,2
2025-03-26 19:34:27.049774,7.1,18073,3.5,Happy,6
2025-02-20 19:34:27.049833,6.8,8004,1.6,Neutral,5
2025-05-28 19:34:27.049892,6.8,1481,3.3,Neutral,3
2024-10-01 19:34:27.049951,5.8,1000,5.2,Sad,0
2025-03-18 19:34:27.050010,6.9,9999,2.1,Neutral,4
2024-08-09 19:34:27.050069,7.3,4143,3.3,Neutral,4
2024-07-30 19:34:27.050128,7.8,1000,9.4,Sad,2
2024-07-20 19:34:27.050191,8.7,3345,3.8,Neutral,3
2025-06-28 19:34:27.050249,8.9,1000,2.9,Neutral,3
2025-05-08 19:34:27.050308,4.0,6455,7.7,Sad,1
2024-09-25 19:34:27.050367,8.2,1883,4.7,Neutral,3
2025-05-31 19:34:27.050425,7.7,20000,3.4,Happy,7
2024-07-20 19:34:27.050487,7.4,6767,1.2,Neutral,4
2025-02-25 19:34:27.050553,5.3,9107,5.9,Sad,2
2025-05-31 19:34:27.050613,4.9,3025,2.2,Sad,0
2025-02-22 19:34:27.050821,8.0,1093,7.8,Neutral,3
2024-12-09 19:34:27.051036,10.8,1305,3.7,Sad,0
2025-05-10 19:34:27.051342,8.8,5418,4.4,Neutral,3
2024-09-29 19:34:27.051497,6.6,1234,2.3,Neutral,3
2024-10-31 19:34:27.051628,6.9,1682,1.8,Neutral,4
2025-06-05 19:34:27.051759,9.3,2289,3.0,Neutral,3
2024-10-19 19:34:27.051878,6.2,9325,2.9,Neutral,5
2025-01-06 19:34:27.052016,5.8,1230,5.4,Sad,0
2025-03-02 19:34:27.052087,8.3,1527,5.1,Neutral,3
2024-08-10 19:34:27.052217,6.5,3065,4.9,Sad,1
2025-02-24 19:34:27.052342,7.1,3328,2.1,Neutral,3
2024-08-12 19:34:27.052441,7.9,3156,3.6,Neutral,4
2025-05-27 19:34:27.052522,7.2,1000,1.0,Neutral,4
2025-03-31 19:34:27.052614,6.7,8788,6.8,Neutral,3
2025-07-06 19:34:27.052689,5.8,3572,5.5,Sad,1
2025-04-06 19:34:27.052759,8.3,1000,10.0,Neutral,3
2025-02-26 19:34:27.052835,6.7,2882,3.4,Neutral,3
2025-02-17 19:34:27.052978,7.4,1355,3.2,Neutral,4
2025-01-09 19:34:27.053564,6.2,1649,3.2,Sad,2
2025-01-25 19:34:27.053823,6.8,6946,6.5,Neutral,3
2025-02-02 19:34:27.054016,6.8,1352,5.4,Sad,2
2025-07-04 19:34:27.054101,7.2,1000,5.3,Neutral,3
2025-03-02 19:34:27.054178,7.7,1335,3.6,Neutral,3
2025-01-20 19:34:27.054272,7.6,13530,4.5,Happy,6
2024-10-21 19:34:27.054344,5.3,5673,5.7,Sad,1
2025-01-16 19:34:27.054412,6.2,1653,5.9,Sad,2
2025-06-19 19:34:27.054482,9.1,4873,2.8,Sad,2
2024-10-06 19:34:27.054556,5.0,2103,3.2,Sad,1
2024-07-20 19:34:27.054628,5.8,13199,4.6,Neutral,3
2025-01-13 19:34:27.054700,7.6,1416,1.0,Happy,6
2024-10-16 19:34:27.054768,6.9,6955,4.9,Neutral,3
2024-08-21 19:34:27.054838,6.1,2574,7.5,Sad,1
2024-12-09 19:34:27.054901,8.4,5872,2.4,Neutral,4
2024-07-22 19:34:27.054980,6.7,2810,1.9,Neutral,4
2025-03-30 19:34:27.055056,10.1,1698,1.0,Sad,2
2024-08-13 19:34:27.055119,5.4,1000,8.0,Sad,1
2025-05-15 19:34:27.055185,6.0,11635,6.5,Neutral,3
2025-06-03 19:34:27.055252,8.3,8601,4.4,Neutral,5
2025-03-13 19:34:27.055314,8.7,11432,1.0,Happy,7
2024-09-03 19:34:27.055374,7.3,4300,4.2,Sad,2
2025-01-25 19:34:27.055434,7.4,19704,7.0,Happy,6
2025-05-04 19:34:27.055493,7.6,3799,3.6,Neutral,3
2024-11-12 19:34:27.055553,8.4,13928,1.0,Happy,7
2025-05-14 19:34:27.055613,6.9,1284,7.8,Sad,1
2024-07-24 19:34:27.055673,8.5,4309,6.2,Sad,2
2025-05-15 19:34:27.055734,7.4,2160,6.7,Neutral,3
2025-07-12 19:34:27.055794,6.7,1988,1.0,Sad,2
2024-07-31 19:34:27.055854,6.8,2398,5.1,Sad,2
2024-09-30 19:34:27.055915,8.2,2427,1.0,Neutral,4
2025-07-02 19:34:27.055980,7.8,3791,4.9,Sad,2
2024-11-13 19:34:27.056040,6.7,2619,4.9,Sad,1
2025-07-15 19:34:27.056100,7.6,6272,4.9,Neutral,3
2025-03-20 19:34:27.056160,6.4,1000,5.2,Sad,2
2025-07-14 19:34:27.056219,6.6,2189,4.4,Sad,0
2024-10-13 19:34:27.056278,9.2,8968,4.9,Neutral,4
2025-04-06 19:34:27.056338,5.4,1000,2.6,Sad,1
2025-04-12 19:34:27.056398,4.8,5632,2.9,Sad,2
2024-11-09 19:34:27.056458,5.7,1000,3.2,Sad,1
2025-03-13 19:34:27.056517,7.1,10573,1.0,Happy,8
2025-05-12 19:34:27.056576,10.1,15864,4.0,Neutral,4
2025-05-10 19:34:27.056635,7.1,13613,4.5,Happy,6
2025-02-10 19:34:27.056694,5.6,6979,7.4,Sad,2
2025-01-25 19:34:27.056756,8.0,2797,5.6,Neutral,3
2025-07-04 19:34:27.056815,7.9,3885,3.5,Neutral,3
2024-12-13 19:34:27.056874,9.2,2382,3.6,Neutral,3
2025-07-09 19:34:27.056933,7.4,3608,6.4,Neutral,3
2025-06-01 19:34:27.056995,4.9,1966,3.8,Sad,1
2024-07-26 19:34:27.057056,6.2,5559,6.6,Neutral,3
2025-07-14 19:34:27.057115,6.8,1545,7.3,Sad,2
2025-04-22 19:34:27.057173,6.4,13946,4.7,Neutral,5
2025-02-22 19:34:27.057232,5.8,1259,4.9,Sad,0
2025-02-04 19:34:27.057292,5.8,1000,3.4,Sad,2
2025-06-09 19:34:27.057350,6.8,11412,3.6,Neutral,5
2025-02-17 19:34:27.057410,9.1,1000,7.3,Sad,1
2025-06-07 19:34:27.057468,6.7,10140,3.7,Happy,6
2025-04-22 19:34:27.057531,4.6,1000,6.6,Sad,0
2024-09-13 19:34:27.057591,7.5,7741,3.8,Neutral,4
2025-07-10 19:34:27.057650,4.9,18210,7.0,Sad,2
2025-07-13 19:34:27.057709,8.0,6179,4.9,Neutral,3
2025-05-18 19:34:27.057771,8.8,1000,1.0,Neutral,5
2025-04-30 19:34:27.057832,7.1,8190,2.6,Neutral,5
2025-03-12 19:34:27.057893,7.3,2058,2.2,Neutral,4
2025-02-03 19:34:27.057972,6.3,1000,1.0,Neutral,3
2024-11-24 19:34:27.058032,5.9,3774,1.0,Neutral,3
2025-05-22 19:34:27.058091,5.7,8184,2.8,Neutral,4
2025-02-24 19:34:27.058151,6.8,2239,2.6,Neutral,3
2024-11-13 19:34:27.058212,6.2,1000,3.8,Sad,2
2024-09-26 19:34:27.058272,6.1,5129,5.2,Neutral,3
2025-01-27 19:34:27.058337,7.0,11301,2.0,Happy,7
2025-07-01 19:34:27.058398,5.3,5579,3.0,Neutral,3
2025-03-29 19:34:27.058457,9.0,8696,1.8,Happy,6
2024-08-16 19:34:27.058516,6.3,5562,6.7,Sad,2
2025-06-28 19:34:27.058700,7.2,20000,5.8,Happy,6
2025-02-25 19:34:27.058785,6.9,3152,5.4,Sad,1
2025-07-03 19:34:27.058849,10.1,2788,5.4,Sad,0
2025-07-07 19:34:27.058916,6.9,13623,4.9,Neutral,5
2024-08-14 19:34:27.059040,8.3,4061,2.1,Neutral,3
2024-11-30 19:34:27.059109,6.3,10033,5.7,Neutral,4
2024-07-21 19:34:27.059198,8.8,5642,7.3,Neutral,4
2025-04-09 19:34:27.059315,8.6,2802,7.6,Neutral,3
2025-01-13 19:34:27.059406,6.4,1282,1.9,Neutral,4
2025-04-02 19:34:27.059478,9.6,1234,5.4,Sad,2
2025-05-07 19:34:27.059546,8.0,1000,2.3,Neutral,4
2024-10-24 19:34:27.059608,8.7,2017,3.9,Neutral,3
2025-03-04 19:34:27.059670,7.5,1000,1.9,Neutral,5
2025-04-14 19:34:27.059730,5.6,1754,4.4,Sad,1
2025-04-17 19:34:27.059802,7.6,1000,4.4,Neutral,3
2025-03-04 19:34:27.059877,7.5,1000,9.7,Neutral,3
2025-07-07 19:34:27.059938,6.3,2084,3.7,Neutral,3
2025-03-06 19:34:27.059997,8.2,1736,2.5,Neutral,4
2025-04-09 19:34:27.060057,7.9,11526,5.3,Happy,6
2024-08-16 19:34:27.060116,8.1,1753,4.3,Neutral,3
2024-09-14 19:34:27.060177,5.8,5021,3.5,Neutral,3
2024-11-30 19:34:27.060238,6.1,5468,6.3,Sad,2
2025-05-06 19:34:27.060318,8.6,1000,4.5,Neutral,3
2025-02-06 19:34:27.060400,7.2,6527,2.3,Neutral,4
2025-03-21 19:34:27.060462,7.9,1000,2.2,Neutral,4
2024-10-28 19:34:27.060523,9.3,15806,4.3,Neutral,5
2025-04-28 19:34:27.060587,11.6,1000,1.0,Sad,2
2025-02-01 19:34:27.060647,5.2,1374,7.0,Sad,0
2024-08-02 19:34:27.060711,6.6,1000,6.8,Sad,0
2025-05-29 19:34:27.060774,9.4,1979,4.7,Sad,1
2025-06-17 19:34:27.060840,5.1,5581,1.7,Neutral,4
2024-10-26 19:34:27.060904,8.0,1000,2.1,Neutral,4
2025-04-19 19:34:27.060969,8.6,6030,5.1,Neutral,4
2024-12-10 19:34:27.061032,10.1,4827,4.0,Sad,1
2024-08-16 19:34:27.061107,4.9,4799,3.3,Sad,1
2025-02-09 19:34:27.061177,7.4,4404,2.0,Neutral,3
2025-03-23 19:34:27.061241,7.6,1000,4.4,Sad,2
2024-10-05 19:34:27.061303,5.2,5077,4.5,Sad,2
2025-05-09 19:34:27.061369,7.5,1453,5.8,Sad,2
2025-03-17 19:34:27.061430,9.9,2269,5.1,Sad,1
2024-11-02 19:34:27.061494,10.7,1053,5.0,Sad,1
2024-09-15 19:34:27.061558,8.6,1000,3.5,Neutral,3
2025-04-22 19:34:27.061627,7.3,7273,1.9,Happy,6
2025-03-28 19:34:27.061691,6.1,7058,7.3,Sad,1
2025-07-11 19:34:27.061751,5.7,13646,3.0,Neutral,4
2025-06-05 19:34:27.061815,8.1,2372,4.2,Sad,2
2024-09-07 19:34:27.061879,6.8,3525,4.9,Sad,1
2024-09-20 19:34:27.061943,5.8,1000,1.0,Sad,2
2025-04-28 19:34:27.062012,8.9,2449,2.6,Neutral,4
2025-01-17 19:34:27.062076,6.7,8402,4.4,Neutral,4
2025-01-14 19:34:27.062141,8.3,15457,3.8,Happy,6
2025-01-17 19:34:27.062205,9.7,2566,7.6,Sad,1
2024-08-27 19:34:27.062274,7.0,2485,5.0,Sad,1
2025-01-03 19:34:27.062340,10.7,10275,6.4,Neutral,3
2025-06-23 19:34:27.062404,8.9,8123,2.4,Happy,6
2025-03-09 19:34:27.062468,8.8,2523,4.3,Sad,2
2024-11-02 19:34:27.062531,6.8,1000,7.9,Sad,1
2025-04-11 19:34:27.062599,8.3,8814,7.0,Neutral,4
2025-01-02 19:34:27.062671,6.3,4972,5.0,Sad,2
2024-11-12 19:34:27.062746,7.8,1000,3.8,Neutral,4
2025-03-08 19:34:27.062822,6.3,1000,4.9,Sad,0
2024-10-09 19:34:27.062899,8.5,5577,4.3,Neutral,4
2025-02-28 19:34:27.062971,7.4,15032,2.7,Happy,6
2024-10-13 19:34:27.063036,10.5,2397,2.3,Sad,2
2024-09-10 19:34:27.063099,6.6,11634,1.4,Happy,6
2024-12-26 19:34:27.063163,6.6,8587,3.8,Neutral,5
2024-12-08 19:34:27.063228,9.3,2177,4.5,Sad,2
2025-05-22 19:34:27.063295,8.2,7671,6.2,Neutral,3
2025-04-26 19:34:27.063366,10.1,15843,8.5,Neutral,4
2025-02-11 19:34:27.063432,8.4,4238,1.4,Neutral,5
2025-03-14 19:34:27.063510,8.3,3705,5.4,Sad,2
2024-09-29 19:34:27.063583,7.3,1000,2.4,Neutral,3
2024-10-09 19:34:27.063649,6.7,2444,3.7,Sad,2
2024-09-03 19:34:27.063715,4.0,2412,8.1,Sad,0
2024-11-11 19:34:27.063786,7.8,3523,7.4,Neutral,3
2024-12-19 19:34:27.063855,7.7,16068,6.0,Happy,7
2024-08-20 19:34:27.063921,8.4,1000,3.1,Neutral,3
2024-07-24 19:34:27.063984,7.4,1000,3.8,Neutral,3
2025-03-17 19:34:27.064044,7.7,2216,6.0,Sad,1
2025-04-18 19:34:27.064104,9.2,2644,6.8,Sad,0
2025-03-04 19:34:27.064165,7.0,1000,2.0,Neutral,4
2024-08-03 19:34:27.064228,9.8,1894,5.3,Sad,1
2024-10-19 19:34:27.064291,6.7,1000,5.0,Sad,1
2025-03-20 19:34:27.064356,8.3,3222,7.9,Sad,2
2024-10-18 19:34:27.064422,5.5,7626,4.1,Sad,2
2025-02-28 19:34:27.064487,6.7,2635,1.3,Neutral,3
2025-03-06 19:34:27.064552,9.1,6562,7.4,Sad,2
2024-09-30 19:34:27.064629,8.2,10065,5.0,Happy,6
2025-05-01 19:34:27.064698,7.0,1000,6.6,Sad,0
2025-01-17 19:34:27.064759,8.3,20000,1.0,Happy,8
2025-01-27 19:34:27.064820,6.3,2520,2.8,Sad,2
2024-11-27 19:34:27.064883,7.2,2709,8.1,Neutral,3
2024-09-04 19:34:27.064945,4.9,4285,3.8,Sad,0
2025-03-21 19:34:27.065008,10.6,1179,7.2,Sad,1
2024-10-01 19:34:27.065071,6.6,4149,5.8,Sad,1
2025-04-21 19:34:27.065136,9.6,6640,4.6,Sad,2
2024-11-17 19:34:27.065203,11.2,1000,2.9,Sad,0
2025-02-20 19:34:27.065271,8.0,1699,9.0,Sad,2
2024-09-04 19:34:27.065338,7.2,1681,5.3,Neutral,3
2024-10-29 19:34:27.065401,7.3,1000,1.4,Neutral,5
2025-05-29 19:34:27.065476,10.7,2615,5.9,Sad,1
2024-09-28 19:34:27.065557,7.8,11066,6.1,Happy,6
2025-04-14 19:34:27.065639,8.1,2807,4.6,Neutral,3
2025-01-22 19:34:27.065727,5.6,1565,4.6,Sad,0
2025-04-17 19:34:27.065812,6.4,1829,8.2,Sad,2
2025-07-14 19:34:27.065892,10.4,1000,1.6,Sad,2
2025-06-22 19:34:27.066069,7.6,1665,6.5,Sad,2
2025-05-15 19:34:27.066172,9.1,13496,5.2,Neutral,4
2025-04-09 19:34:27.066243,9.0,4157,6.5,Neutral,3
2024-11-18 19:34:27.066313,6.0,10591,6.0,Neutral,4
2024-09-24 19:34:27.066408,8.2,1246,8.1,Neutral,3
2025-06-01 19:34:27.066565,8.7,7135,2.4,Neutral,4
2024-09-29 19:34:27.066739,5.0,1176,4.1,Sad,0
2024-11-26 19:34:27.067045,7.2,7613,4.8,Neutral,4
2024-11-28 19:34:27.067252,9.1,16854,2.0,Neutral,5
2025-07-13 19:34:27.067393,9.3,4279,5.8,Sad,2
2024-10-19 19:34:27.067535,5.3,1871,7.8,Sad,0
2024-12-11 19:34:27.067767,6.2,2598,5.5,Sad,1
2025-05-18 19:34:27.067906,6.5,7648,3.5,Neutral,4
2024-08-20 19:34:27.068032,8.1,9358,4.5,Neutral,4
2025-04-12 19:34:27.068473,5.8,1000,2.0,Sad,1
2025-01-21 19:34:27.068660,6.3,8272,1.8,Neutral,5
2025-03-14 19:34:27.069670,8.6,9784,4.8,Neutral,5
2025-03-01 19:34:27.069902,8.2,14504,2.3,Happy,6
2024-07-24 19:34:27.070047,9.3,3471,4.3,Neutral,3
2024-10-19 19:34:27.070185,7.0,8107,2.5,Neutral,4
2024-10-30 19:34:27.070670,8.0,5428,5.5,Neutral,4
2025-05-26 19:34:27.070941,7.3,9777,4.7,Neutral,5
2025-02-21 19:34:27.071263,6.4,6773,1.7,Neutral,5
2025-06-19 19:34:27.071373,7.4,1000,4.1,Sad,2
2024-12-17 19:34:27.071478,10.2,9455,1.8,Neutral,4
2024-08-26 19:34:27.071601,7.8,1048,6.5,Neutral,3
2025-06-09 19:34:27.071842,10.2,4635,6.6,Sad,0
2024-12-04 19:34:27.071985,8.3,1000,5.7,Neutral,3
2025-03-25 19:34:27.072396,8.9,5970,5.7,Neutral,3
2024-09-11 19:34:27.072920,6.6,2619,4.7,Sad,2
2024-11-04 19:34:27.073219,7.8,4989,2.2,Neutral,3
2025-02-21 19:34:27.073386,7.3,7469,4.6,Neutral,3
2025-01-24 19:34:27.073478,7.0,1000,4.8,Neutral,3
2025-05-20 19:34:27.073596,5.3,2108,1.4,Sad,1
2024-12-24 19:34:27.073709,8.9,10597,10.0,Happy,7
2024-08-19 19:34:27.073833,7.2,5440,3.8,Neutral,4
2024-10-15 19:34:27.073913,10.1,2742,2.8,Sad,2
2025-05-12 19:34:27.073988,8.2,2714,6.1,Sad,2
2025-06-24 19:34:27.074058,7.1,6973,1.0,Happy,6
2024-08-17 19:34:27.074148,8.7,2115,3.8,Neutral,3
2024-11-07 19:34:27.074230,6.9,1000,2.6,Neutral,3
2025-07-04 19:34:27.074331,8.0,2815,4.3,Neutral,3
2025-01-21 19:34:27.074405,5.9,2144,6.9,Sad,0
2024-11-09 19:34:27.074471,6.6,1000,4.7,Sad,1
2024-11-16 19:34:27.074538,6.8,8107,2.6,Neutral,4
2024-12-19 19:34:27.074613,7.7,9882,8.1,Neutral,4
2025-06-20 19:34:27.074766,9.8,20000,4.6,Neutral,4
2024-09-17 19:34:27.074878,6.3,3865,5.6,Sad,2
2025-01-11 19:34:27.074970,6.7,2120,5.3,Sad,1
2025-04-03 19:34:27.075040,9.0,1000,3.0,Sad,2
2025-05-30 19:34:27.075115,6.3,1330,1.0,Neutral,4
2024-12-23 19:34:27.075199,4.8,10433,1.5,Neutral,4
2024-12-01 19:34:27.075384,8.9,2003,3.7,Neutral,3
2025-01-25 19:34:27.075525,5.9,1000,1.7,Sad,2
2025-03-01 19:34:27.075670,7.9,5038,4.4,Neutral,4
2025-06-15 19:34:27.076094,8.4,1000,3.2,Neutral,4
2024-08-15 19:34:27.076306,7.6,13651,3.7,Happy,7
2025-03-31 19:34:27.076453,6.0,2366,2.0,Neutral,4
2025-06-05 19:34:27.076549,4.2,1000,2.2,Sad,1
2024-12-02 19:34:27.076653,7.6,7958,1.0,Happy,6
2025-03-20 19:34:27.076740,9.5,1000,2.3,Neutral,3
2024-07-27 19:34:27.076969,5.6,1000,1.0,Sad,2
2024-11-17 19:34:27.077093,8.1,1000,3.2,Neutral,3
2024-07-21 19:34:27.077231,6.9,19884,4.5,Neutral,5
2025-01-16 19:34:27.077340,6.7,2097,1.6,Neutral,4
2024-12-08 19:34:27.077450,9.3,1000,5.0,Sad,1
2024-12-27 19:34:27.077528,5.8,5048,2.1,Sad,2
2025-03-06 19:34:27.077617,9.4,2407,4.8,Sad,1
2024-09-29 19:34:27.077710,7.0,1355,6.0,Sad,1
2025-05-27 19:34:27.077810,9.9,2251,5.7,Sad,1
2025-02-01 19:34:27.077889,8.3,3165,3.0,Neutral,4
2025-05-29 19:34:27.077975,9.4,1000,1.8,Neutral,3
2025-04-02 19:34:27.078066,9.2,1000,1.2,Neutral,4
2024-11-01 19:34:27.078156,6.4,1000,3.6,Sad,2
2024-11-26 19:34:27.078240,7.1,12085,4.0,Happy,6
2024-11-10 19:34:27.078326,6.9,13022,2.5,Happy,6
2025-02-16 19:34:27.078408,6.3,3955,4.3,Sad,2
2025-02-28 19:34:27.078489,5.4,1000,4.3,Sad,0
2025-01-03 19:34:27.078569,8.4,2326,2.5,Neutral,4
2024-12-25 19:34:27.078639,8.9,1000,4.5,Sad,2
2024-12-22 19:34:27.078706,5.0,1287,4.6,Sad,0
2025-05-14 19:34:27.078769,4.7,16292,2.2,Neutral,3
2024-11-06 19:34:27.078837,4.0,2166,4.3,Sad,0
2025-05-15 19:34:27.078906,8.5,2091,5.2,Neutral,3
2025-03-05 19:34:27.078972,7.2,2256,6.8,Neutral,3
2024-11-24 19:34:27.079059,8.1,2513,4.8,Sad,2
2024-11-05 19:34:27.079131,6.6,5600,7.2,Sad,2
2024-09-12 19:34:27.079206,9.5,1031,1.2,Neutral,4
2024-08-28 19:34:27.079287,9.9,1141,6.0,Sad,1
2025-05-29 19:34:27.079374,5.3,17097,3.8,Neutral,4
2024-12-30 19:34:27.079445,4.0,11411,7.7,Neutral,3
2024-10-19 19:34:27.079513,7.0,1000,1.0,Neutral,4
2024-11-16 19:34:27.079764,5.7,9134,1.6,Neutral,5
2025-02-01 19:34:27.079886,8.5,6569,7.1,Neutral,3
2025-04-09 19:34:27.080080,8.8,5227,3.3,Neutral,4
2025-03-30 19:34:27.080198,8.1,2501,6.5,Neutral,3
2025-02-03 19:34:27.080264,7.4,2077,5.1,Neutral,3
2024-11-27 19:34:27.080327,7.1,1000,1.4,Neutral,5
2024-12-22 19:34:27.080396,10.3,5043,2.8,Sad,2
2024-11-21 19:34:27.080458,7.4,4102,3.5,Neutral,4
2024-08-20 19:34:27.080519,8.8,2858,4.1,Neutral,3
2025-05-01 19:34:27.080579,6.6,1803,4.7,Neutral,3
2024-08-31 19:34:27.080640,9.4,4588,3.2,Sad,2
2025-05-01 19:34:27.080701,8.0,6502,4.2,Neutral,4
2024-11-11 19:34:27.080771,7.7,4478,5.1,Sad,2
2025-01-15 19:34:27.080844,9.5,3364,7.3,Sad,0
2025-01-17 19:34:27.080915,8.0,3662,5.1,Sad,2
2025-07-18 19:34:27.080978,10.4,2878,2.5,Sad,2
2024-08-06 19:34:27.081041,4.9,2130,1.0,Sad,2
2024-11-16 19:34:27.081104,4.4,12662,3.4,Neutral,4
2025-06-01 19:34:27.081170,7.1,6748,2.3,Neutral,4
2025-05-16 19:34:27.081250,7.5,4762,4.9,Sad,2
2025-04-19 19:34:27.081321,5.1,2803,3.0,Sad,2
2024-10-06 19:34:27.081387,7.5,7321,1.2,Happy,6
2025-06-10 19:34:27.081454,6.5,1000,3.8,Sad,2
2025-07-18 19:34:27.081516,6.8,2738,5.4,Sad,1
2025-04-09 19:34:27.081733,6.7,4309,1.0,Neutral,4
2025-02-03 19:34:27.081800,6.5,2284,3.4,Neutral,3
2025-02-17 19:34:27.081859,7.0,16947,7.2,Happy,6
2024-11-07 19:34:27.081922,8.8,3040,1.2,Neutral,5
2025-05-28 19:34:27.081981,7.3,1655,5.0,Sad,2
2024-10-29 19:34:27.082099,7.5,12197,2.6,Happy,7
2024-11-01 19:34:27.082185,10.8,1436,5.9,Sad,0
2024-12-19 19:34:27.082249,8.6,1000,9.6,Neutral,3
2024-08-27 19:34:27.082318,5.1,1000,4.9,Sad,1
2025-01-03 19:34:27.082385,6.0,4358,4.4,Sad,0
2025-01-28 19:34:27.082446,9.6,10594,5.5,Neutral,5
2025-04-12 19:34:27.082507,6.1,1853,4.6,Sad,2
2024-12-18 19:34:27.082566,9.2,1790,5.1,Sad,1
2025-05-25 19:34:27.082626,5.2,4793,3.7,Sad,1
2025-01-18 19:34:27.082685,7.1,3160,3.2,Neutral,3
2024-10-07 19:34:27.082745,8.5,2771,2.6,Neutral,3
2025-04-10 19:34:27.082805,7.6,1000,6.6,Sad,2
2025-07-11 19:34:27.082865,8.8,2454,4.2,Sad,2
2024-07-23 19:34:27.082924,7.7,13697,1.8,Happy,8
2024-08-25 19:34:27.082983,7.3,2018,4.4,Neutral,3
2025-01-21 19:34:27.083042,8.7,13253,5.2,Neutral,5
2024-10-21 19:34:27.083105,7.3,2448,4.1,Sad,2
2025-05-09 19:34:27.083165,5.9,20000,6.7,Neutral,4
2025-03-22 19:34:27.083223,7.4,8093,4.5,Neutral,5
2025-05-03 19:34:27.083282,7.2,1000,6.3,Sad,2
2025-04-23 19:34:27.083342,9.8,2940,1.0,Neutral,3
2025-03-03 19:34:27.083580,8.6,1000,3.5,Neutral,3
2024-12-29 19:34:27.083649,6.8,2553,1.9,Neutral,4
2025-05-14 19:34:27.083712,6.5,10785,4.6,Neutral,4
2024-08-26 19:34:27.083772,6.2,6038,7.6,Neutral,3
2025-06-11 19:34:27.083836,4.0,1000,6.1,Sad,0
2024-08-26 19:34:27.083900,7.3,19323,3.2,Happy,7
2025-01-31 19:34:27.083960,4.0,12035,5.2,Neutral,3
2024-08-13 19:34:27.084019,8.1,3052,4.6,Sad,1
2025-07-08 19:34:27.084125,6.7,17011,3.0,Happy,6
2024-08-13 19:34:27.084439,7.4,1000,6.3,Sad,1
2025-07-12 19:34:27.084867,9.5,10508,5.1,Neutral,4
2025-05-21 19:34:27.085030,6.5,17850,4.2,Neutral,4
2024-08-01 19:34:27.085193,7.7,3168,3.1,Neutral,4
2025-03-31 19:34:27.085466,7.1,1768,3.5,Neutral,3
2024-10-28 19:34:27.085602,9.8,1290,3.0,Sad,2
2024-12-27 19:34:27.085748,7.2,20000,5.0,Neutral,5
2025-03-04 19:34:27.085889,7.4,11088,7.6,Neutral,5
2025-04-17 19:34:27.086097,7.9,1655,3.0,Neutral,3
2024-10-19 19:34:27.086167,5.8,4655,3.2,Sad,1
2025-07-08 19:34:27.086234,8.1,2835,4.5,Sad,2
2024-10-04 19:34:27.086302,11.5,2464,6.2,Sad,0
2025-06-05 19:34:27.086517,4.0,1633,5.1,Sad,0
2024-11-19 19:34:27.086795,8.4,1635,4.2,Sad,2
2024-11-23 19:34:27.086984,8.2,1497,1.0,Neutral,4
2025-02-17 19:34:27.087123,7.1,1806,5.6,Sad,2
2024-10-13 19:34:27.087281,7.6,1000,5.1,Sad,2
2024-10-21 19:34:27.087492,5.0,5903,4.6,Sad,1
2025-03-09 19:34:27.087792,4.0,1000,5.7,Sad,1
2025-03-02 19:34:27.087900,7.4,1289,7.7,Neutral,3
2024-10-18 19:34:27.087966,7.9,4725,4.0,Neutral,3
2025-01-12 19:34:27.088050,6.6,1000,1.0,Neutral,3
2025-04-07 19:34:27.088116,9.7,3309,3.3,Neutral,3
2025-05-09 19:34:27.088180,9.5,2093,2.8,Neutral,3
2024-09-16 19:34:27.088245,7.5,1511,1.0,Neutral,3
2025-07-01 19:34:27.088314,8.4,17051,6.2,Happy,6
2024-08-07 19:34:27.088383,7.8,10123,1.8,Happy,8
2025-02-28 19:34:27.088445,8.4,2326,3.8,Neutral,3
2025-03-26 19:34:27.088505,9.0,1398,3.4,Neutral,3
2024-12-07 19:34:27.088565,5.6,11295,3.9,Neutral,5
2025-02-13 19:34:27.088624,7.9,5820,1.0,Happy,6
2025-02-16 19:34:27.088691,6.1,1000,3.7,Sad,2
2025-02-16 19:34:27.088752,5.5,3376,1.8,Sad,2
2024-07-20 19:34:27.088812,6.6,1851,3.9,Neutral,3
2025-03-12 19:34:27.088872,10.6,20000,1.0,Happy,6
2025-03-10 19:34:27.088932,5.8,6293,2.4,Neutral,3
2025-07-03 19:34:27.088991,6.8,4533,4.4,Sad,1
2025-05-19 19:34:27.089050,8.5,9213,1.0,Happy,6
2025-07-05 19:34:27.089114,9.3,3935,1.0,Neutral,3
2025-07-15 19:34:27.089182,6.5,1363,3.2,Sad,2
2025-05-22 19:34:27.089242,6.0,2283,5.4,Sad,2
2024-11-09 19:34:27.089302,7.4,15468,2.7,Happy,7
2024-08-23 19:34:27.089362,7.2,1551,3.1,Neutral,4
2025-06-25 19:34:27.089421,7.5,9771,3.2,Happy,6
2024-09-05 19:34:27.089480,5.8,1000,6.3,Sad,0
2024-09-19 19:34:27.089540,6.1,5910,2.5,Neutral,4
2025-07-09 19:34:27.089599,6.6,2955,5.8,Sad,2
2025-02-10 19:34:27.089658,9.1,20000,5.4,Neutral,4
2025-01-17 19:34:27.089718,8.6,1000,4.4,Neutral,3
2024-08-06 19:34:27.089778,9.8,1605,1.0,Neutral,3
2025-01-31 19:34:27.089837,8.9,4211,4.4,Neutral,3
2025-05-07 19:34:27.089903,10.9,1000,3.9,Sad,1
2025-03-01 19:34:27.089976,6.1,3507,2.9,Sad,2
2025-02-18 19:34:27.090034,6.2,3117,4.8,Sad,2
2024-11-07 19:34:27.090093,7.8,8250,3.4,Neutral,5
2025-07-16 19:34:27.090151,7.9,5162,4.6,Neutral,4
2025-04-04 19:34:27.090214,6.6,3761,8.2,Sad,2
2024-08-18 19:34:27.090273,7.0,1000,1.0,Neutral,4
2025-05-10 19:34:27.090332,5.9,5882,4.3,Sad,1
2025-02-20 19:34:27.090391,8.2,1000,1.0,Happy,6
2024-08-10 19:34:27.090449,7.9,10124,2.4,Happy,7
2024-08-14 19:34:27.090508,9.2,1000,2.8,Sad,2
2024-11-24 19:34:27.090566,6.5,14322,1.1,Happy,7
2024-11-17 19:34:27.090625,8.1,6195,4.6,Neutral,3
2024-08-24 19:34:27.090713,8.8,2084,1.3,Neutral,5
2024-11-30 19:34:27.090774,7.3,1000,6.2,Neutral,3
2025-06-06 19:34:27.090837,8.2,5211,6.1,Neutral,4
2025-02-05 19:34:27.090897,6.2,20000,3.7,Happy,6
2025-02-09 19:34:27.090956,7.3,8754,3.2,Neutral,5
2025-01-12 19:34:27.091016,10.3,1000,1.9,Sad,1
2025-05-07 19:34:27.091079,7.8,1867,5.2,Sad,2
2025-02-21 19:34:27.091144,7.6,17980,3.3,Neutral,5
2025-04-16 19:34:27.091205,9.6,5426,1.8,Neutral,4
2024-07-30 19:34:27.091267,8.9,1896,4.7,Sad,2
2024-08-29 19:34:27.091328,7.7,10189,3.0,Happy,6
2025-06-08 19:34:27.091388,9.0,3074,4.5,Sad,2
2025-04-23 19:34:27.091449,6.7,2734,5.4,Sad,2
2025-01-06 19:34:27.091514,5.1,1069,5.1,Sad,1
2025-02-07 19:34:27.091576,4.6,3953,2.5,Sad,1
2024-08-11 19:34:27.091637,7.0,4366,3.0,Neutral,3
2025-04-21 19:34:27.091697,9.2,1000,4.6,Sad,2
2024-11-05 19:34:27.091757,6.6,8560,1.7,Neutral,5
2024-11-28 19:34:27.091817,5.2,1000,5.3,Sad,1
2024-07-27 19:34:27.091876,9.6,4346,5.7,Sad,2
2025-01-05 19:34:27.092054,6.6,1000,1.7,Neutral,4
2024-10-29 19:34:27.092148,6.3,9780,4.2,Neutral,4
2025-06-07 19:34:27.092212,8.0,4815,6.6,Neutral,3
2025-05-02 19:34:27.092273,9.0,8992,3.1,Happy,6
2024-08-13 19:34:27.092337,5.4,15846,6.1,Neutral,4
2024-12-02 19:34:27.092403,6.8,1000,2.3,Neutral,3
2025-04-25 19:34:27.092499,7.4,12315,1.0,Happy,7
2024-12-01 19:34:27.092568,6.9,7114,5.8,Neutral,3
2024-08-11 19:34:27.092649,8.1,1325,2.1,Neutral,4
2025-01-31 19:34:27.092724,6.2,4503,2.4,Neutral,3
2024-09-11 19:34:27.092783,4.2,20000,1.6,Neutral,4
2025-07-11 19:34:27.092846,5.9,2189,1.0,Neutral,3
2024-09-05 19:34:27.092905,7.2,11307,4.8,Happy,6
2024-12-23 19:34:27.092964,6.4,11875,5.3,Neutral,4
2025-02-12 19:34:27.093023,5.7,1043,6.1,Sad,0
2024-08-01 19:34:27.093082,7.1,1000,3.6,Neutral,3
2024-09-16 19:34:27.093142,6.9,1000,4.7,Sad,1
2024-12-23 19:34:27.093200,8.3,1000,3.0,Neutral,4
2025-01-26 19:34:27.093290,8.2,5652,8.2,Neutral,4
2025-02-01 19:34:27.093354,9.7,1546,3.9,Sad,2
2024-12-06 19:34:27.093415,7.8,8930,5.9,Neutral,5
2024-08-06 19:34:27.093494,9.3,19548,5.5,Neutral,4
2025-04-17 19:34:27.093626,7.8,12050,3.4,Happy,7
2025-04-11 19:34:27.093725,5.5,2811,1.0,Sad,2
2025-01-29 19:34:27.093806,8.1,1457,5.2,Sad,2
2024-08-18 19:34:27.093864,7.1,12163,6.8,Happy,6
2025-07-06 19:34:27.093923,8.8,1000,2.1,Neutral,4
2025-01-31 19:34:27.093982,5.4,1000,2.9,Sad,2
2025-06-14 19:34:27.094044,5.9,4532,7.4,Sad,0
2024-08-25 19:34:27.094103,8.2,8565,5.7,Neutral,4
2024-07-28 19:34:27.094161,9.7,1000,4.0,Sad,1
2024-09-22 19:34:27.094220,6.2,1000,5.6,Sad,1
2024-07-24 19:34:27.094283,6.4,2094,3.6,Neutral,3
2024-12-14 19:34:27.094342,7.7,2690,2.9,Neutral,4
2025-01-24 19:34:27.094401,7.8,13208,2.0,Happy,7
2024-09-02 19:34:27.094459,7.5,2951,6.0,Neutral,3
2025-07-16 19:34:27.094517,6.8,5070,1.8,Neutral,4
2025-01-16 19:34:27.094576,6.6,3826,4.0,Neutral,3
2024-07-21 19:34:27.094635,7.1,7957,6.6,Neutral,4
2025-01-10 19:34:27.094694,7.8,2646,7.3,Neutral,3
2025-01-13 19:34:27.094752,5.9,1000,3.5,Sad,1
2025-01-13 19:34:27.094812,6.5,6659,4.1,Sad,1
2025-04-07 19:34:27.094871,9.7,1000,3.0,Sad,2
2025-01-15 19:34:27.094930,10.9,3649,4.0,Sad,1
2025-06-30 19:34:27.094991,6.8,6587,7.5,Neutral,3
2025-04-23 19:34:27.095067,6.6,4438,2.7,Sad,2
2025-05-01 19:34:27.095141,9.1,2686,4.9,Sad,2
2025-06-06 19:34:27.095210,6.9,5532,2.6,Sad,2
2025-06-27 19:34:27.095278,8.3,2221,1.6,Neutral,4
2025-05-16 19:34:27.095346,7.8,3326,5.6,Neutral,3
2025-02-01 19:34:27.095413,7.2,6341,6.8,Neutral,3
2024-11-26 19:34:27.095475,11.5,1067,1.0,Sad,1
2024-10-12 19:34:27.095535,7.1,15210,5.3,Happy,7
2025-03-26 19:34:27.095594,8.3,3914,3.4,Neutral,3
2025-03-09 19:34:27.095652,7.9,2960,2.4,Neutral,3
2025-06-09 19:34:27.095711,8.5,1000,5.4,Sad,2
2025-07-06 19:34:27.095770,6.5,3641,7.3,Sad,1
2024-07-31 19:34:27.095829,8.9,4407,5.0,Sad,2
2025-03-07 19:34:27.095892,8.7,7498,2.1,Neutral,5
2025-03-28 19:34:27.095951,9.8,11149,3.5,Neutral,5
2025-01-26 19:34:27.096010,9.7,5771,2.6,Neutral,3
2024-09-07 19:34:27.096068,6.4,1651,1.1,Neutral,3
2025-04-13 19:34:27.096128,7.4,2066,4.5,Sad,2
2024-07-21 19:34:27.096186,7.9,1000,5.0,Neutral,3
2025-06-09 19:34:27.096245,7.7,1847,3.1,Neutral,4
2024-12-20 19:34:27.096304,6.6,8328,5.2,Neutral,3
2024-07-26 19:34:27.096363,9.6,3307,3.0,Neutral,3
2025-05-27 19:34:27.096421,8.3,1121,4.8,Neutral,3
2025-01-28 19:34:27.096480,7.6,1000,3.9,Neutral,4
2025-04-03 19:34:27.096539,5.7,4287,5.4,Sad,1
2025-02-09 19:34:27.096597,9.0,1000,5.0,Sad,0
2024-09-15 19:34:27.096661,10.7,3455,4.4,Sad,0
2025-04-25 19:34:27.096720,9.9,3320,4.0,Sad,2
2025-06-14 19:34:27.096779,6.1,1000,4.6,Sad,2
2024-12-17 19:34:27.096838,6.3,4928,4.1,Sad,2
2025-02-23 19:34:27.096896,6.6,8513,4.0,Neutral,4
2024-08-26 19:34:27.096955,9.9,1000,3.4,Neutral,3
2024-08-05 19:34:27.097014,10.5,1000,6.2,Sad,0
2024-12-10 19:34:27.097073,7.1,10387,3.2,Happy,7
2024-10-05 19:34:27.097132,6.5,1000,1.0,Neutral,4
2024-10-06 19:34:27.097191,6.5,5097,5.4,Neutral,3
2025-05-06 19:34:27.097249,6.1,10344,2.0,Happy,6
2025-03-14 19:34:27.097311,5.7,6025,3.5,Sad,2
2025-03-22 19:34:27.097370,7.9,3527,5.3,Neutral,3
2024-07-24 19:34:27.097433,4.0,9426,5.6,Sad,0
2024-09-10 19:34:27.097492,6.3,3369,4.6,Sad,2
2025-02-07 19:34:27.097551,5.0,3385,2.0,Sad,0
2025-07-10 19:34:27.097610,8.1,7898,1.0,Neutral,5
2024-10-29 19:34:27.097668,7.1,14907,3.2,Happy,6
2025-06-10 19:34:27.097730,6.7,3087,5.0,Sad,1
2025-07-07 19:34:27.097792,4.4,2964,5.5,Sad,0
2024-10-02 19:34:27.097854,8.1,1493,3.5,Neutral,3
2025-03-12 19:34:27.097939,6.4,6177,5.3,Sad,2
2025-03-11 19:34:27.097997,7.0,7477,5.5,Sad,2
2025-06-26 19:34:27.098059,8.5,1000,2.4,Neutral,3
2025-02-20 19:34:27.098118,8.1,10373,6.6,Neutral,5
2025-02-26 19:34:27.098175,8.4,1000,3.4,Neutral,3
2024-09-12 19:34:27.098238,5.5,1000,3.9,Sad,2
2025-04-24 19:34:27.098297,7.6,1571,5.6,Neutral,3
2024-11-27 19:34:27.098355,9.4,20000,5.7,Neutral,4
2024-11-30 19:34:27.098414,8.4,3563,5.2,Sad,2
2025-03-20 19:34:27.098472,6.8,1675,6.7,Sad,1
2025-01-28 19:34:27.098530,6.3,1000,4.2,Sad,1
2024-08-13 19:34:27.098588,6.2,13529,6.3,Neutral,5
2024-11-08 19:34:27.098647,4.2,1000,2.9,Sad,1
2025-07-11 19:34:27.098709,8.1,1000,1.0,Happy,6
2024-11-25 19:34:27.098769,8.3,4334,4.3,Sad,2
2025-07-09 19:34:27.098827,7.6,1000,5.7,Neutral,3
2025-04-01 19:34:27.098889,7.7,1000,3.7,Neutral,3
2024-12-20 19:34:27.098949,6.3,2328,3.8,Sad,2
2025-06-14 19:34:27.099011,7.8,1000,3.9,Neutral,3
2024-10-10 19:34:27.099070,7.7,9052,10.0,Neutral,5
2025-05-27 19:34:27.099129,5.6,1101,4.5,Sad,1
2024-10-25 19:34:27.099187,5.0,1179,2.6,Sad,1
2024-10-22 19:34:27.099249,9.0,7633,6.7,Neutral,4
2025-05-08 19:34:27.099309,8.1,1000,5.3,Sad,2
2025-05-13 19:34:27.099368,6.3,12631,7.2,Neutral,4
2024-11-25 19:34:27.099426,7.9,14768,2.4,Happy,6
2025-01-28 19:34:27.099485,6.6,3431,3.8,Sad,2
2024-11-23 19:34:27.099543,6.0,2159,5.3,Sad,2
2025-01-08 19:34:27.099602,6.9,2336,2.0,Neutral,4
2025-02-13 19:34:27.099661,6.8,6141,3.0,Neutral,3
2024-11-21 19:34:27.099719,7.9,1000,2.4,Neutral,4
2024-11-23 19:34:27.099781,4.7,12114,1.5,Neutral,5
2025-06-29 19:34:27.099840,9.1,5167,3.2,Neutral,4
2025-06-15 19:34:27.099898,8.0,11220,7.3,Happy,6
2024-08-12 19:34:27.099956,8.4,1000,6.8,Neutral,3
2024-10-19 19:34:27.100015,8.8,1000,1.4,Neutral,4
2025-07-16 19:34:27.100093,9.1,4832,1.0,Neutral,4
2025-02-11 19:34:27.100152,8.2,1213,4.0,Neutral,3
2025-06-20 19:34:27.100214,9.0,2153,1.2,Happy,6
2024-11-13 19:34:27.100282,9.3,5288,2.5,Neutral,3
2025-04-07 19:34:27.100343,6.9,8768,4.9,Neutral,4
2024-08-08 19:34:27.100405,8.0,6251,4.7,Neutral,3
2025-07-14 19:34:27.100482,7.2,16994,6.1,Neutral,5
2024-10-23 19:34:27.100541,7.3,2466,3.8,Neutral,4
2024-08-02 19:34:27.100602,6.5,6446,3.5,Neutral,4
2025-07-14 19:34:27.100661,6.5,2922,7.1,Sad,1
2025-06-15 19:34:27.100720,6.0,2359,1.0,Neutral,3
2024-08-27 19:34:27.100817,4.1,8272,4.8,Sad,0
2025-02-25 19:34:27.101246,5.7,1625,5.8,Sad,1
2024-10-01 19:34:27.101395,7.9,4304,3.6,Neutral,4
2024-09-09 19:34:27.101524,7.8,3945,8.8,Sad,2
2025-07-17 19:34:27.101678,7.2,1074,3.8,Neutral,4
2025-06-14 19:34:27.101841,6.5,1000,3.9,Neutral,3
2024-12-26 19:34:27.101994,10.2,3553,5.6,Sad,0
2024-12-22 19:34:27.102264,6.9,3087,3.1,Sad,2
2024-08-20 19:34:27.102399,6.3,5181,6.1,Neutral,3
2025-03-17 19:34:27.102468,6.4,1598,3.7,Neutral,3
2024-08-20 19:34:27.102646,7.9,6184,4.0,Neutral,3
2025-01-20 19:34:27.102798,7.6,12677,3.0,Happy,7
2024-10-30 19:34:27.102936,8.2,3064,4.3,Neutral,3
2024-10-31 19:34:27.103077,7.4,1373,2.5,Sad,2
2025-03-13 19:34:27.103226,5.0,4363,1.9,Sad,1
2025-01-31 19:34:27.103359,9.4,5453,4.0,Neutral,3
2025-06-29 19:34:27.103518,7.2,12163,5.5,Happy,6
2025-05-15 19:34:27.103624,8.6,1000,8.8,Sad,2
2024-12-17 19:34:27.103756,5.1,4951,7.2,Sad,1
2025-02-17 19:34:27.103897,8.2,1000,1.0,Neutral,5
2025-02-28 19:34:27.104047,6.7,5911,1.0,Neutral,4
2024-12-16 19:34:27.104365,9.2,5763,3.6,Neutral,3
2025-01-21 19:34:27.104471,7.9,10332,1.6,Happy,7
2024-08-08 19:34:27.104578,8.6,1000,4.0,Neutral,3
2024-12-05 19:34:27.104703,6.9,2521,3.3,Sad,2
2024-07-27 19:34:27.104776,8.6,7176,3.6,Neutral,5
2024-08-03 19:34:27.104850,7.5,3130,1.6,Neutral,4
2025-05-01 19:34:27.104968,8.4,6390,1.0,Happy,6
2025-05-24 19:34:27.105052,7.6,4129,2.0,Neutral,4
2024-10-13 19:34:27.105123,7.6,1565,1.9,Neutral,5
2025-04-21 19:34:27.105203,6.9,3873,4.0,Neutral,3
2025-06-21 19:34:27.105273,7.6,9197,2.6,Happy,6
2025-01-08 19:34:27.105360,7.1,1061,1.2,Neutral,5
2025-01-20 19:34:27.105428,7.3,1540,3.3,Neutral,4
2024-10-24 19:34:27.105495,7.7,1560,2.5,Neutral,4
2025-06-30 19:34:27.105562,9.0,5213,5.0,Neutral,3
2024-11-20 19:34:27.105638,8.7,1000,1.9,Neutral,5
2025-05-09 19:34:27.105709,6.8,4871,9.1,Sad,2
2024-11-23 19:34:27.106012,7.5,2419,7.3,Sad,2
2025-02-24 19:34:27.106369,5.1,2645,5.6,Sad,0
2025-05-23 19:34:27.106455,6.1,1000,5.4,Sad,1
2024-08-15 19:34:27.106525,7.1,1000,4.0,Neutral,4
2025-07-18 19:34:27.106591,8.5,12333,4.9,Happy,6
2025-07-08 19:34:27.106657,8.1,3551,4.9,Neutral,3
2024-10-12 19:34:27.106724,6.8,6494,2.6,Neutral,3
2025-03-26 19:34:27.106796,6.6,1000,5.1,Sad,1
2025-02-12 19:34:27.106867,9.1,9213,5.8,Neutral,4
2025-02-28 19:34:27.106934,7.3,5532,3.6,Neutral,4
2024-09-22 19:34:27.107004,9.0,4669,5.0,Sad,2
2024-10-06 19:34:27.107100,6.2,4095,4.0,Sad,2
2024-12-24 19:34:27.107180,7.5,2917,4.5,Sad,1
2024-08-21 19:34:27.107254,7.4,7156,4.0,Neutral,3
2024-12-03 19:34:27.107321,9.6,1000,2.5,Sad,2
2024-12-07 19:34:27.107388,8.0,1000,1.5,Neutral,5
2024-08-12 19:34:27.107456,6.0,4106,1.4,Neutral,3
2024-09-05 19:34:27.107526,7.3,1000,4.0,Neutral,3
2025-02-18 19:34:27.107604,7.8,1578,6.1,Sad,2
2025-02-18 19:34:27.107681,6.9,5530,4.4,Sad,2
2025-04-13 19:34:27.107749,4.0,1000,5.1,Sad,0
2025-01-12 19:34:27.107821,4.7,2422,3.1,Sad,1
2025-03-29 19:34:27.107887,8.4,1589,3.3,Neutral,3
2024-12-18 19:34:27.107949,7.7,3812,5.5,Sad,2
2025-07-12 19:34:27.108025,9.3,8228,1.9,Happy,6
2025-03-06 19:34:27.108086,7.7,13789,1.8,Happy,8
2025-05-22 19:34:27.108147,6.9,7221,4.6,Sad,2
2025-06-26 19:34:27.108209,6.7,3482,1.6,Neutral,3
2024-12-08 19:34:27.108271,8.0,2607,9.9,Sad,2
2025-02-24 19:34:27.108331,6.9,8246,4.8,Neutral,4
2024-10-10 19:34:27.108391,10.3,6012,1.9,Neutral,3
2025-04-21 19:34:27.108451,8.0,5099,8.1,Neutral,4
2025-06-16 19:34:27.108512,7.1,4426,3.8,Neutral,3
2025-04-22 19:34:27.108578,8.6,3411,5.3,Sad,2
2025-07-19 19:34:27.108641,8.3,2643,5.6,Neutral,3
2024-12-11 19:34:27.108706,6.1,1368,2.9,Sad,2
2024-12-03 19:34:27.108777,6.7,1932,3.2,Sad,2
2025-06-14 19:34:27.108845,5.1,2128,8.0,Sad,1
2025-04-20 19:34:27.108910,7.9,7069,6.4,Neutral,3
2025-05-20 19:34:27.109004,9.1,1414,2.9,Neutral,3
2025-01-30 19:34:27.109197,9.0,1459,6.6,Neutral,4
2025-06-22 19:34:27.109458,5.7,9990,5.4,Neutral,3
2024-12-07 19:34:27.109546,5.9,1000,1.1,Sad,2
2024-09-04 19:34:27.109614,6.3,7806,4.2,Neutral,3
2025-02-20 19:34:27.109678,5.9,8128,7.2,Neutral,3
2025-06-25 19:34:27.109743,5.7,8273,6.7,Neutral,3
2025-07-01 19:34:27.109822,4.9,6840,1.0,Sad,2
2024-08-06 19:34:27.110047,9.5,13290,3.7,Happy,7
2025-02-12 19:34:27.110174,8.3,11679,3.6,Happy,6
2025-04-02 19:34:27.110349,8.8,9725,5.1,Neutral,4
2025-02-05 19:34:27.110542,7.2,2879,2.5,Neutral,3
2025-03-26 19:34:27.110690,7.1,4532,6.5,Sad,2
2025-03-28 19:34:27.110838,6.5,1000,1.0,Neutral,3
2025-04-01 19:34:27.110976,7.2,1000,5.1,Neutral,3
2024-09-17 19:34:27.111114,7.6,1000,6.2,Neutral,3
2024-09-20 19:34:27.111306,7.8,5684,4.0,Neutral,4
2025-02-04 19:34:27.111484,6.5,4080,2.9,Sad,2
2024-09-25 19:34:27.111776,7.9,20000,6.4,Neutral,5
2024-12-24 19:34:27.111947,6.0,1000,3.0,Sad,2
2025-07-07 19:34:27.112016,7.0,1000,5.5,Sad,2
2025-02-06 19:34:27.112079,8.9,1000,1.0,Neutral,4
2025-07-19 19:34:27.112141,7.0,20000,7.3,Neutral,5
2024-12-04 19:34:27.112205,6.8,3287,1.0,Neutral,4
2024-10-02 19:34:27.112276,8.4,13961,4.8,Happy,6
2025-04-01 19:34:27.112347,8.0,3998,2.9,Neutral,4
2025-02-01 19:34:27.112414,5.1,3149,2.2,Sad,1
2025-07-09 19:34:27.112476,7.1,3741,3.6,Neutral,3
2024-12-17 19:34:27.112539,9.5,6725,3.4,Neutral,3
2024-09-02 19:34:27.112601,6.3,1902,1.8,Neutral,3
2025-04-01 19:34:27.112661,8.1,3291,5.5,Neutral,3
2024-11-05 19:34:27.112720,7.5,16873,5.2,Neutral,5
2024-07-28 19:34:27.112781,6.6,5636,2.8,Neutral,4
2024-08-29 19:34:27.112852,7.3,1000,5.7,Neutral,3
2024-10-21 19:34:27.112914,9.5,1000,1.0,Neutral,3
2025-01-12 19:34:27.112976,5.6,2978,2.6,Sad,2
2025-07-14 19:34:27.113040,7.7,1000,4.3,Neutral,3
2024-12-02 19:34:27.113125,5.3,1609,4.5,Sad,1
2025-01-30 19:34:27.113199,4.7,2494,4.6,Sad,0
2024-11-24 19:34:27.113267,5.6,15847,2.3,Neutral,5
2025-05-21 19:34:27.113334,5.2,9687,6.3,Sad,2
2025-01-05 19:34:27.113397,7.1,1060,2.5,Neutral,4
2024-11-03 19:34:27.113459,6.4,1940,5.3,Sad,2
2025-02-24 19:34:27.113528,7.4,13421,2.9,Happy,6
2024-07-27 19:34:27.113591,7.6,3086,1.6,Neutral,4
2025-05-27 19:34:27.113659,4.0,11328,2.5,Neutral,3
2024-07-25 19:34:27.113728,6.5,1000,2.8,Sad,2
2025-01-01 19:34:27.113797,8.7,1000,5.4,Sad,2
2024-11-12 19:34:27.113861,7.4,2689,6.4,Sad,2
2024-11-23 19:34:27.113923,6.1,1000,5.5,Sad,1
2025-05-28 19:34:27.113998,5.5,13621,7.5,Neutral,4
2025-07-07 19:34:27.114063,9.2,1000,7.4,Sad,1
2025-04-13 19:34:27.114129,9.0,1932,6.8,Sad,2
2024-11-25 19:34:27.114192,6.2,1000,3.9,Neutral,3
2024-12-01 19:34:27.114253,9.1,3445,2.5,Neutral,3
2024-10-18 19:34:27.114313,6.6,10092,3.3,Happy,6
2024-08-18 19:34:27.114375,9.8,1000,4.8,Sad,2
2024-09-09 19:34:27.114442,7.1,1000,3.7,Neutral,4
2025-04-11 19:34:27.114505,7.2,8557,4.0,Happy,6
2025-06-26 19:34:27.114568,4.3,5655,4.2,Sad,1
2024-12-14 19:34:27.114648,4.0,15363,5.5,Sad,2
2025-04-29 19:34:27.114717,9.0,1000,3.2,Neutral,4
2024-10-13 19:34:27.114780,6.9,1109,8.2,Sad,1
2025-06-07 19:34:27.114854,7.7,2666,1.0,Neutral,5
2024-09-16 19:34:27.114922,8.6,7375,5.1,Neutral,4
2024-10-14 19:34:27.114987,7.6,9007,3.0,Happy,6
2024-07-27 19:34:27.115051,5.9,1000,1.0,Sad,2
2025-03-12 19:34:27.115112,6.3,1000,4.3,Sad,2
2025-05-06 19:34:27.115175,8.5,2120,4.5,Sad,2
2024-10-19 19:34:27.115238,7.7,1033,5.0,Neutral,3
2025-02-02 19:34:27.115302,5.6,3813,1.0,Sad,2
2025-01-02 19:34:27.115365,6.3,8197,2.3,Neutral,4
2024-09-08 19:34:27.115426,9.2,1381,4.0,Sad,1
2024-09-09 19:34:27.115485,6.5,6884,6.6,Neutral,3
2024-07-29 19:34:27.115544,7.3,1000,9.0,Sad,2
2025-07-04 19:34:27.115605,7.7,1000,1.5,Neutral,5
2025-05-21 19:34:27.115674,10.0,2950,7.3,Sad,0
2025-05-18 19:34:27.115737,8.6,2976,8.1,Neutral,3
2025-03-14 19:34:27.115799,6.8,5192,6.7,Neutral,3
2025-03-06 19:34:27.115871,6.4,1000,3.9,Sad,2
2024-09-21 19:34:27.115943,7.6,13287,6.1,Neutral,5
2025-06-11 19:34:27.116011,4.0,1000,2.8,Sad,1
2025-01-09 19:34:27.116076,7.5,5651,5.4,Neutral,3
2025-04-15 19:34:27.116142,8.0,4593,4.0,Neutral,3
2024-10-23 19:34:27.116230,7.0,2271,3.3,Neutral,3
2025-07-13 19:34:27.116295,5.9,1000,1.3,Neutral,3
2025-07-07 19:34:27.116363,10.4,4067,6.0,Sad,0
2024-08-09 19:34:27.116434,9.3,7243,2.7,Sad,2
2024-12-22 19:34:27.116504,9.3,1854,7.1,Sad,2
2025-04-15 19:34:27.116590,8.3,1000,6.2,Sad,2
2025-07-07 19:34:27.116661,8.1,1000,3.4,Neutral,3
2025-02-26 19:34:27.116749,8.5,1000,3.6,Neutral,4
2025-01-23 19:34:27.116820,8.1,2621,4.4,Neutral,3
2024-09-03 19:34:27.116889,5.4,11934,5.3,Neutral,4
2025-07-09 19:34:27.116966,9.1,2638,4.2,Sad,1
2024-11-04 19:34:27.117048,7.5,1629,4.8,Sad,2
2025-01-21 19:34:27.117132,7.0,5563,1.0,Neutral,5
2025-04-07 19:34:27.117233,5.6,6707,4.7,Sad,2
2024-12-09 19:34:27.117313,6.3,14573,4.7,Neutral,5
2024-10-27 19:34:27.117520,6.8,1538,4.3,Sad,2
2025-03-02 19:34:27.117777,6.3,2926,5.4,Sad,2
2025-06-24 19:34:27.118091,8.4,1000,5.6,Sad,2
2024-09-16 19:34:27.118495,4.0,1887,6.7,Sad,0
2024-09-21 19:34:27.118662,8.3,2646,6.9,Neutral,3
2025-04-07 19:34:27.118806,7.2,9821,4.2,Neutral,4
2024-08-28 19:34:27.119190,7.1,1383,6.0,Sad,2
2024-07-22 19:34:27.119714,9.6,1000,2.7,Neutral,3
2024-08-27 19:34:27.119930,7.5,7357,4.0,Neutral,3
2024-10-11 19:34:27.120095,6.8,7572,1.1,Neutral,4
2025-07-12 19:34:27.120274,8.6,12769,1.0,Happy,8
2025-05-13 19:34:27.120571,11.2,4103,4.1,Sad,0
2024-12-27 19:34:27.120944,4.0,1000,4.4,Sad,0
2025-07-03 19:34:27.121158,8.0,13473,3.0,Happy,6
2025-02-22 19:34:27.121370,8.3,1000,2.0,Neutral,5
2025-05-06 19:34:27.121498,6.7,2415,1.0,Neutral,3
2024-09-05 19:34:27.121629,9.6,1000,4.1,Sad,1
2025-07-10 19:34:27.122053,8.0,4170,1.9,Neutral,5
2024-08-20 19:34:27.122298,7.7,12166,3.2,Happy,6
2024-12-06 19:34:27.122479,7.3,1000,5.2,Sad,2
2025-01-02 19:34:27.122647,7.4,3924,3.3,Sad,2
2025-01-27 19:34:27.122911,9.0,5422,4.6,Neutral,4
2025-01-19 19:34:27.123093,7.1,11800,4.2,Neutral,5
2025-01-28 19:34:27.123264,8.8,1000,4.8,Neutral,3
2025-01-22 19:34:27.123491,8.0,12286,4.9,Neutral,5
2025-01-15 19:34:27.123768,8.3,1000,1.0,Neutral,4
2025-01-06 19:34:27.123942,6.9,1056,3.1,Sad,2
2025-04-20 19:34:27.124194,4.2,1933,3.5,Sad,1
2024-10-03 19:34:27.124334,8.0,1000,6.0,Sad,2
2024-11-02 19:34:27.124426,6.6,7102,3.4,Neutral,4
2025-03-11 19:34:27.124506,10.4,1000,4.7,Sad,0
2024-08-18 19:34:27.124575,7.5,3935,1.1,Neutral,5
2025-03-07 19:34:27.124639,7.4,9240,3.2,Happy,6
2024-07-21 19:34:27.124705,7.5,1000,2.0,Sad,2
2025-07-16 19:34:27.124769,7.2,5099,3.6,Neutral,4
2024-08-01 19:34:27.124833,8.4,1000,3.3,Neutral,4
2025-05-14 19:34:27.124895,6.5,1000,4.1,Sad,2
2025-07-20 19:34:27.124957,6.0,1000,1.2,Neutral,3
2025-02-02 19:34:27.125114,10.5,14871,4.4,Neutral,3
2025-01-31 19:34:27.125336,10.3,1000,3.7,Sad,1
2025-06-14 19:34:27.125424,6.6,6699,4.6,Sad,2
2024-08-08 19:34:27.125495,8.2,14252,3.3,Neutral,5
2025-05-15 19:34:27.125589,7.9,1333,4.9,Neutral,4
2025-03-03 19:34:27.125672,7.3,5918,5.2,Neutral,5
2024-12-29 19:34:27.125747,4.0,1558,1.0,Sad,0
2025-02-05 19:34:27.125831,7.9,1997,4.3,Sad,2
2025-04-17 19:34:27.125896,6.6,3931,5.0,Sad,1
2025-06-05 19:34:27.126083,7.9,6095,3.5,Neutral,5
2024-08-10 19:34:27.126192,4.2,9472,1.0,Neutral,3
2024-10-02 19:34:27.126258,11.6,1047,3.5,Sad,1
2024-11-12 19:34:27.126346,8.5,5015,4.4,Neutral,3
2024-10-06 19:34:27.126484,4.0,4443,5.4,Sad,0
2025-01-10 19:34:27.126565,6.2,1000,4.1,Sad,2
2024-09-26 19:34:27.126640,5.8,1000,6.4,Sad,1
2024-09-29 19:34:27.126708,6.1,1000,4.3,Sad,2
2024-11-09 19:34:27.126797,7.1,1000,3.8,Neutral,4
2025-07-06 19:34:27.127006,8.5,1437,4.4,Sad,2
2024-11-26 19:34:27.127126,4.6,2259,6.9,Sad,0
2025-06-15 19:34:27.127234,5.8,17645,4.7,Neutral,3
2025-03-19 19:34:27.127343,5.3,1466,1.0,Sad,2
2025-01-05 19:34:27.127452,9.5,3919,2.2,Sad,2
2025-04-16 19:34:27.127664,7.9,1092,3.1,Neutral,3
2025-05-01 19:34:27.127746,9.9,2687,1.0,Neutral,3
2024-09-02 19:34:27.127809,7.0,5449,2.7,Neutral,4
2025-01-02 19:34:27.127871,8.9,3081,2.9,Neutral,3
2024-11-07 19:34:27.127932,6.5,1639,2.6,Neutral,3
2025-02-19 19:34:27.127993,6.2,1000,4.7,Sad,1
2025-01-10 19:34:27.128053,9.4,4075,2.0,Neutral,3
2024-10-11 19:34:27.128126,5.6,1000,1.0,Neutral,3
2024-12-31 19:34:27.128189,8.5,10252,1.0,Happy,7
2025-04-08 19:34:27.128250,6.8,1485,1.0,Neutral,3
2024-08-02 19:34:27.128314,7.2,2337,5.4,Neutral,3
2025-05-12 19:34:27.128375,6.9,5260,1.0,Neutral,5
2025-06-29 19:34:27.128436,7.6,2539,6.2,Neutral,4
2025-02-05 19:34:27.128498,7.4,1000,3.7,Neutral,4
2025-07-17 19:34:27.128560,6.2,2894,3.2,Sad,1
2025-06-25 19:34:27.128621,7.4,5676,5.0,Neutral,3
2025-07-13 19:34:27.128683,9.4,1000,4.8,Sad,1
2024-12-30 19:34:27.128744,5.9,4213,5.3,Sad,0
2025-03-20 19:34:27.128806,9.4,1000,4.3,Sad,2
2025-05-21 19:34:27.128939,5.9,14629,1.0,Neutral,5
2024-11-29 19:34:27.129105,8.5,9067,4.3,Neutral,5
2024-11-27 19:34:27.129238,6.2,8590,2.1,Neutral,4
2024-10-31 19:34:27.129361,7.7,4108,1.0,Neutral,4
2025-05-27 19:34:27.129485,9.5,4742,6.5,Neutral,3
2025-01-02 19:34:27.129599,5.5,1000,5.5,Sad,0
2025-07-04 19:34:27.129667,6.9,3467,5.0,Sad,2
2024-07-27 19:34:27.129744,6.6,2593,6.3,Sad,1
2024-07-26 19:34:27.129807,6.9,1000,4.3,Sad,2
2025-05-13 19:34:27.129869,6.4,8849,5.6,Neutral,4
2025-02-26 19:34:27.129931,7.7,2629,3.1,Neutral,5
2025-01-20 19:34:27.129995,6.3,1045,8.2,Neutral,3
2025-04-25 19:34:27.130058,8.8,8319,5.7,Neutral,5
2025-02-11 19:34:27.130122,8.0,3468,2.8,Neutral,3
2025-03-21 19:34:27.130189,6.9,3907,4.9,Sad,1
2024-11-20 19:34:27.130251,10.0,12423,5.2,Neutral,5
2024-12-24 19:34:27.130312,9.3,2507,8.0,Sad,2
2025-03-02 19:34:27.130374,9.9,3689,2.9,Neutral,3
2025-03-05 19:34:27.130437,8.6,11257,2.0,Happy,7
2024-08-11 19:34:27.130499,8.8,1929,4.3,Sad,2
2024-11-16 19:34:27.130559,8.3,4901,1.8,Neutral,4
2025-01-31 19:34:27.130619,6.1,11609,2.9,Neutral,5
2025-04-16 19:34:27.130680,6.6,2974,6.3,Sad,1
2025-07-05 19:34:27.130742,7.4,9867,4.9,Neutral,4
2024-08-20 19:34:27.130804,7.8,5865,8.4,Neutral,4
2025-07-14 19:34:27.130868,7.3,11572,5.9,Neutral,5
2025-05-21 19:34:27.130932,10.0,4621,3.4,Neutral,3
2025-05-07 19:34:27.131010,9.1,1000,1.0,Neutral,3
2024-08-23 19:34:27.131082,6.9,2022,1.0,Neutral,3
2025-03-21 19:34:27.131147,8.3,3613,2.2,Neutral,3
2025-05-19 19:34:27.131208,6.0,4480,5.6,Sad,1
2025-05-07 19:34:27.131271,8.9,3240,6.4,Sad,2
2025-02-06 19:34:27.131336,7.7,4857,4.0,Neutral,3
2025-02-23 19:34:27.131402,5.5,5147,2.3,Neutral,3
2025-02-18 19:34:27.131468,8.1,2095,4.7,Neutral,3
2024-12-06 19:34:27.131529,7.6,3645,6.1,Neutral,3
2025-04-25 19:34:27.131590,8.2,16718,4.1,Happy,6
2024-08-04 19:34:27.131650,7.0,1000,8.8,Sad,2
2025-01-22 19:34:27.131712,8.7,1867,5.7,Sad,2
2024-12-22 19:34:27.131772,8.4,13743,1.0,Happy,7
2025-04-04 19:34:27.131835,10.1,5848,1.4,Neutral,3
2024-09-05 19:34:27.131895,5.5,1000,6.7,Sad,1
2024-10-24 19:34:27.131953,6.8,7178,6.4,Neutral,3
2024-12-31 19:34:27.132013,7.4,1352,3.3,Neutral,3
2025-03-19 19:34:27.132071,7.4,15409,4.5,Neutral,5
2024-10-20 19:34:27.132132,8.6,1000,4.2,Neutral,3
2025-06-09 19:34:27.132274,7.9,1000,3.7,Neutral,3
2025-06-08 19:34:27.132339,7.6,3748,5.5,Neutral,3
2025-04-28 19:34:27.132399,7.8,1170,2.8,Neutral,4
2025-06-18 19:34:27.132458,5.8,6658,4.7,Sad,1
2025-05-17 19:34:27.132520,4.7,4574,5.1,Sad,0
2025-04-09 19:34:27.132580,9.1,1000,1.5,Neutral,3
2024-08-25 19:34:27.132638,8.1,2770,5.6,Sad,2
2025-05-28 19:34:27.132701,8.3,11119,3.3,Happy,7
2025-05-02 19:34:27.132761,5.7,1000,7.1,Sad,0
2025-01-17 19:34:27.132820,9.3,1660,7.0,Sad,1
2025-05-06 19:34:27.132879,7.1,6347,7.7,Neutral,4
2024-12-28 19:34:27.132938,6.3,2033,1.7,Neutral,4
2025-02-07 19:34:27.132996,7.5,3651,3.0,Neutral,3
2025-03-06 19:34:27.133055,7.5,2092,5.4,Neutral,3
2024-12-22 19:34:27.133114,10.8,1237,7.8,Sad,0
2024-12-30 19:34:27.133173,6.3,1000,2.3,Sad,2
2025-07-07 19:34:27.133232,7.0,1000,5.4,Sad,2
2024-12-13 19:34:27.133291,7.3,1306,2.2,Neutral,3
2025-01-08 19:34:27.133349,7.7,14112,4.3,Happy,6
2025-05-11 19:34:27.133429,5.6,2653,1.0,Sad,2
2024-10-14 19:34:27.133493,10.1,9715,3.7,Neutral,4
2024-11-11 19:34:27.133553,6.2,1118,4.3,Sad,1
2024-11-20 19:34:27.133615,6.9,10460,3.7,Neutral,5
2024-11-18 19:34:27.133677,9.9,2414,5.8,Sad,2
2024-11-29 19:34:27.133743,9.1,2894,3.9,Sad,2
2025-06-25 19:34:27.133814,8.1,8923,6.3,Neutral,4
2024-10-26 19:34:27.133874,7.5,1000,6.2,Sad,2
2024-12-04 19:34:27.133967,6.5,3422,5.9,Sad,1
2024-08-15 19:34:27.134025,5.1,1315,3.4,Sad,1
2024-07-28 19:34:27.134086,6.7,2214,1.8,Neutral,4
2024-09-20 19:34:27.134198,9.0,3921,1.7,Neutral,5
2025-06-10 19:34:27.134264,6.9,1000,4.3,Neutral,3
2024-11-03 19:34:27.134635,4.7,10938,3.0,Neutral,3
2024-10-10 19:34:27.134815,6.2,1000,1.0,Neutral,4
2025-05-03 19:34:27.134947,7.5,2912,6.4,Sad,2
2025-05-12 19:34:27.135083,7.4,1489,7.8,Neutral,3
2024-07-23 19:34:27.135234,8.9,1249,5.7,Sad,2
2025-06-07 19:34:27.135589,7.9,2510,3.3,Neutral,4
2025-07-18 19:34:27.135694,7.5,2662,2.7,Neutral,4
2025-03-02 19:34:27.135763,6.4,1000,4.7,Sad,2
2024-10-09 19:34:27.135830,5.9,6225,2.8,Neutral,3
2025-03-19 19:34:27.135895,8.3,4540,5.3,Sad,2
2024-10-29 19:34:27.135963,6.2,1000,9.3,Sad,2
2024-08-07 19:34:27.136053,6.9,2258,1.0,Neutral,4
2025-03-24 19:34:27.136231,7.9,1000,2.0,Neutral,4
2025-04-13 19:34:27.136582,9.6,13434,5.5,Neutral,5
2024-07-31 19:34:27.136892,6.5,1000,4.1,Sad,2
2024-10-26 19:34:27.137016,9.0,1000,5.0,Sad,2
2024-08-29 19:34:27.137339,6.9,3159,3.2,Neutral,3
2024-08-03 19:34:27.137444,8.9,20000,3.6,Happy,6
2024-10-03 19:34:27.137514,8.1,11814,1.6,Happy,8
2024-11-16 19:34:27.137579,7.7,6578,4.4,Neutral,3
2024-11-14 19:34:27.137642,8.5,1184,1.9,Neutral,5
2025-05-02 19:34:27.137706,9.7,7661,3.4,Neutral,4
2025-04-19 19:34:27.137767,7.2,9120,1.6,Happy,7
2024-10-31 19:34:27.137834,6.1,1000,1.7,Neutral,3
2025-01-19 19:34:27.137917,6.5,3037,5.9,Sad,2
2024-07-26 19:34:27.137999,4.6,7063,6.0,Sad,1
2025-03-24 19:34:27.138075,5.9,1000,3.6,Sad,2
2024-07-31 19:34:27.138157,5.6,5651,5.2,Sad,1
2025-04-27 19:34:27.138220,9.8,4808,5.9,Sad,1
2025-01-08 19:34:27.138280,9.4,8081,4.0,Neutral,4
2024-07-30 19:34:27.138340,6.8,2605,3.0,Neutral,3
2024-07-25 19:34:27.138400,9.6,2180,4.2,Sad,1
2025-01-16 19:34:27.138459,8.6,1000,3.8,Neutral,4
2024-10-12 19:34:27.138518,8.5,2126,3.1,Neutral,3
2025-06-07 19:34:27.138578,10.2,1000,3.7,Sad,1
2025-07-05 19:34:27.138636,7.5,8081,4.2,Neutral,4
2025-04-04 19:34:27.138695,5.9,1336,9.6,Sad,0
2024-11-19 19:34:27.138753,5.5,14845,5.5,Neutral,3
2025-05-21 19:34:27.138812,7.0,2027,8.3,Sad,1
2025-01-12 19:34:27.138871,4.5,6597,1.0,Neutral,3
2024-10-13 19:34:27.138935,8.3,1438,6.8,Neutral,3
2025-01-01 19:34:27.138996,7.1,1882,1.0,Neutral,4
2024-11-19 19:34:27.139055,6.8,1000,6.2,Sad,2
2025-05-09 19:34:27.139114,7.2,4407,6.2,Neutral,3
2025-07-17 19:34:27.139172,8.1,11786,8.1,Neutral,5
2025-06-09 19:34:27.139233,6.7,8076,3.7,Neutral,4
2024-07-31 19:34:27.139294,8.2,3414,5.7,Neutral,3
2025-01-25 19:34:27.139355,4.6,18199,4.0,Neutral,3
2024-07-23 19:34:27.139414,10.1,1645,2.2,Sad,2
2024-08-18 19:34:27.139472,7.7,1712,1.4,Neutral,4
2024-10-03 19:34:27.139533,7.9,5320,3.3,Neutral,5
2025-06-06 19:34:27.139592,8.3,17685,6.7,Happy,6
2025-06-02 19:34:27.139655,6.0,1000,4.9,Sad,0
2025-02-18 19:34:27.139722,4.8,1000,4.7,Sad,0
2025-05-30 19:34:27.139782,9.5,2341,5.0,Sad,1
2025-01-30 19:34:27.139841,5.8,3820,2.4,Sad,2
2025-03-15 19:34:27.139913,6.2,2430,6.7,Sad,1
2025-01-22 19:34:27.139972,6.6,2360,1.0,Neutral,3
2024-11-08 19:34:27.140031,7.3,5784,1.3,Neutral,5
2025-01-21 19:34:27.140090,8.3,3331,5.1,Neutral,3
2024-09-15 19:34:27.140148,5.4,1699,5.6,Sad,0
2025-05-25 19:34:27.140207,6.4,1378,3.1,Neutral,3
2025-06-24 19:34:27.140265,8.6,2269,3.5,Neutral,4
2024-12-29 19:34:27.140323,5.9,2372,2.8,Sad,2
2024-12-18 19:34:27.140382,5.7,1709,2.6,Sad,2
2024-09-05 19:34:27.140440,6.9,13819,1.5,Happy,7
2025-05-14 19:34:27.140502,5.8,1472,2.3,Sad,1
2024-10-04 19:34:27.140563,8.3,1000,2.7,Sad,2
2025-06-15 19:34:27.140624,9.0,3531,1.0,Neutral,5
2024-09-29 19:34:27.140685,9.1,10250,2.2,Neutral,5
2025-04-27 19:34:27.140745,8.6,4007,2.2,Neutral,3
2024-09-18 19:34:27.140806,8.6,1134,9.0,Neutral,3
2025-05-10 19:34:27.140882,7.2,4463,4.2,Sad,2
2024-11-08 19:34:27.140942,8.9,4959,5.3,Neutral,3
2024-11-07 19:34:27.141002,6.3,5655,3.9,Neutral,3
2024-10-24 19:34:27.141064,9.3,1217,1.6,Neutral,4
2025-05-11 19:34:27.141132,7.8,7992,6.1,Neutral,3
2024-12-02 19:34:27.141193,9.4,1000,5.0,Sad,2
2024-11-29 19:34:27.141253,6.5,1000,1.6,Neutral,4
2025-03-15 19:34:27.141315,9.8,2096,5.8,Sad,2
2025-01-14 19:34:27.141375,11.3,6777,1.0,Neutral,3
2024-10-29 19:34:27.141564,7.0,2044,3.9,Neutral,3
2024-11-19 19:34:27.141639,4.9,9396,3.3,Sad,2
2024-09-10 19:34:27.141700,7.5,17440,2.4,Happy,6
2024-08-05 19:34:27.141829,7.8,1049,5.2,Neutral,3
2025-03-05 19:34:27.141914,9.8,1000,6.5,Sad,2
2025-04-06 19:34:27.141988,8.3,1499,2.1,Neutral,4
2024-10-09 19:34:27.142066,6.7,2710,2.0,Sad,2
2025-04-09 19:34:27.142136,9.3,1578,4.2,Sad,1
2025-01-13 19:34:27.142202,5.1,10084,2.4,Neutral,5
2025-01-31 19:34:27.142263,8.1,3415,4.8,Sad,2
2024-11-03 19:34:27.142323,7.1,1000,1.2,Neutral,4
2024-10-24 19:34:27.142387,7.7,11670,3.8,Happy,7
2025-02-01 19:34:27.142447,8.5,8124,6.8,Neutral,5
2025-06-11 19:34:27.142506,7.0,3103,4.0,Neutral,3
2025-03-21 19:34:27.142566,9.7,8618,3.6,Neutral,4
2024-08-02 19:34:27.142625,7.8,3153,8.3,Sad,2
2025-05-02 19:34:27.142684,7.7,1098,6.3,Sad,2
2025-04-07 19:34:27.142743,6.1,3784,3.4,Neutral,3
2025-07-02 19:34:27.142802,7.1,3639,1.0,Neutral,4
2024-12-14 19:34:27.142861,9.8,7800,2.2,Neutral,4
2025-04-18 19:34:27.142920,7.2,2528,1.6,Neutral,5
2024-07-26 19:34:27.142979,9.8,2456,3.0,Sad,2
2025-07-03 19:34:27.143038,4.9,3617,7.5,Sad,0
2025-01-27 19:34:27.143097,6.0,9570,3.9,Neutral,4
2025-05-20 19:34:27.143160,6.3,4657,4.4,Sad,2
2025-06-17 19:34:27.143219,8.5,6088,1.5,Happy,7
2024-11-24 19:34:27.143278,8.7,4377,4.0,Sad,2
2024-10-16 19:34:27.143337,10.3,1174,1.0,Neutral,3
2025-06-11 19:34:27.143396,8.0,2156,3.9,Neutral,3
2024-08-13 19:34:27.143454,7.3,1000,4.7,Neutral,3
2024-08-08 19:34:27.143513,6.6,4241,4.9,Sad,1
2025-05-13 19:34:27.143573,6.4,1000,3.2,Sad,2
2025-04-24 19:34:27.143636,6.4,1109,3.2,Sad,2
2025-07-05 19:34:27.143694,7.7,9918,3.2,Neutral,5
2024-09-17 19:34:27.143753,5.9,1573,7.6,Sad,1
2025-04-06 19:34:27.143812,5.8,2691,5.1,Sad,0
2025-03-10 19:34:27.143871,9.2,1000,4.4,Sad,2
2025-06-18 19:34:27.143964,9.1,1000,2.9,Neutral,3
2025-07-01 19:34:27.144024,5.6,15711,7.1,Neutral,4
2025-01-11 19:34:27.144086,7.4,11587,5.7,Neutral,5
2024-10-24 19:34:27.144145,8.8,1747,1.0,Neutral,4
2024-07-23 19:34:27.144204,4.9,1000,4.8,Sad,0
2025-01-30 19:34:27.144263,7.9,5301,2.7,Neutral,5
2025-06-18 19:34:27.144321,7.4,13451,5.9,Happy,6
2025-05-05 19:34:27.144380,7.5,1317,2.2,Neutral,4
2025-06-11 19:34:27.144438,6.8,1000,5.4,Sad,1
2024-12-28 19:34:27.144497,7.5,1000,4.3,Sad,2
2025-02-05 19:34:27.144555,4.8,1850,4.9,Sad,0
2025-01-09 19:34:27.144614,7.1,1026,4.9,Neutral,3
2025-05-02 19:34:27.144676,8.9,5824,1.7,Neutral,5
2024-12-03 19:34:27.144739,9.3,3010,3.7,Sad,2
2025-06-05 19:34:27.144798,7.1,2779,3.2,Neutral,4
2024-08-18 19:34:27.144857,9.7,5697,3.4,Neutral,4
2025-01-28 19:34:27.144915,7.9,1000,6.9,Neutral,3
2024-12-01 19:34:27.144975,4.6,1000,4.9,Sad,0
2024-11-20 19:34:27.145037,9.0,10523,7.5,Neutral,5
2024-11-15 19:34:27.145096,8.4,2537,6.2,Neutral,3
2025-06-14 19:34:27.145156,7.6,2339,2.4,Neutral,3
2024-10-07 19:34:27.145219,5.9,2601,7.6,Sad,0
2024-08-15 19:34:27.145279,7.8,4503,5.2,Neutral,3
2025-02-20 19:34:27.145337,8.7,3320,4.7,Neutral,3
2024-08-09 19:34:27.145396,7.6,11508,1.0,Happy,7
2025-02-20 19:34:27.145455,5.1,1690,1.0,Neutral,3
2024-09-04 19:34:27.145517,6.9,1000,2.1,Neutral,3
2025-04-08 19:34:27.145577,6.7,1573,3.6,Neutral,3
2024-08-03 19:34:27.145637,7.9,1252,1.0,Neutral,3
2025-04-09 19:34:27.145696,8.0,3598,5.0,Neutral,3
2024-11-12 19:34:27.145754,8.2,1000,5.6,Sad,2
2025-02-28 19:34:27.145812,7.9,3771,7.3,Neutral,3
2025-03-03 19:34:27.145871,4.3,5326,7.3,Sad,0
2024-08-25 19:34:27.145930,7.5,3003,4.1,Neutral,3
2025-03-29 19:34:27.145992,6.3,1437,5.7,Sad,2
2025-03-21 19:34:27.146051,8.7,20000,3.7,Happy,6
2024-09-06 19:34:27.146110,6.9,15016,6.4,Neutral,5
2024-10-12 19:34:27.146169,7.6,1621,3.5,Neutral,3
2025-04-01 19:34:27.146228,8.6,5803,1.8,Happy,6
2025-02-14 19:34:27.146290,7.4,1706,3.1,Neutral,4
2025-06-11 19:34:27.146349,8.3,3053,7.1,Neutral,3
2024-12-21 19:34:27.146407,7.1,1610,6.5,Neutral,3
2024-09-14 19:34:27.146465,4.9,2981,2.3,Sad,0
2024-08-14 19:34:27.146524,6.1,1096,5.4,Sad,1
2024-11-18 19:34:27.146583,6.8,4383,2.3,Sad,1
2025-05-18 19:34:27.146642,5.4,1000,4.4,Sad,0
2025-06-19 19:34:27.146700,9.0,2655,4.0,Sad,2
2025-06-27 19:34:27.146759,10.5,6138,7.7,Sad,1
2025-03-10 19:34:27.146817,6.4,8322,1.0,Neutral,5
2024-09-14 19:34:27.146876,7.2,1000,3.1,Neutral,4
2025-06-13 19:34:27.146935,10.2,1000,4.8,Sad,0
2024-08-18 19:34:27.146993,8.9,1896,1.0,Neutral,4
2024-12-04 19:34:27.147055,7.3,1041,7.7,Sad,2
2024-11-04 19:34:27.147114,11.2,16466,4.9,Sad,2
2024-11-24 19:34:27.147172,11.2,4259,1.8,Sad,1
2024-11-23 19:34:27.147231,7.5,6813,1.0,Neutral,5
2025-06-08 19:34:27.147289,7.5,6429,2.8,Neutral,5
2025-01-28 19:34:27.147348,6.3,10996,7.7,Neutral,5
2025-07-05 19:34:27.147407,9.3,5880,4.0,Neutral,4
2025-06-28 19:34:27.147465,9.1,1242,2.4,Neutral,3
2025-05-20 19:34:27.147524,7.0,6444,1.3,Neutral,5
2025-02-05 19:34:27.147583,5.5,1000,2.2,Sad,1
2024-12-15 19:34:27.147641,8.8,3027,4.4,Sad,2
2025-02-13 19:34:27.147851,6.4,1000,3.6,Neutral,3
2024-09-05 19:34:27.148042,9.8,2712,2.7,Sad,2
2025-04-18 19:34:27.148141,9.0,1000,10.0,Sad,2
2025-01-02 19:34:27.148228,6.2,1093,2.6,Sad,2
2024-09-19 19:34:27.148294,6.4,1177,1.7,Neutral,3
2025-01-16 19:34:27.148355,7.5,5564,5.9,Neutral,4
2024-07-30 19:34:27.148416,8.1,7850,3.1,Neutral,4
2025-02-04 19:34:27.148475,6.0,1000,2.3,Sad,2
2024-11-20 19:34:27.148534,4.3,14756,6.7,Neutral,3
2025-07-01 19:34:27.148594,6.4,2069,6.1,Sad,1
2024-07-26 19:34:27.148653,5.9,3424,9.1,Sad,0
2024-08-17 19:34:27.148713,7.8,5515,4.9,Neutral,3
2025-03-09 19:34:27.148773,4.5,1000,1.4,Sad,1
2025-03-17 19:34:27.148832,7.5,3237,2.4,Neutral,4
2024-08-16 19:34:27.148891,7.9,5802,4.0,Neutral,4
2025-05-13 19:34:27.148953,9.2,7302,3.1,Neutral,3
2024-12-15 19:34:27.149013,6.9,5315,5.9,Neutral,3
2024-12-02 19:34:27.149071,10.0,2209,1.0,Neutral,4
2025-01-17 19:34:27.149133,6.9,5253,5.4,Sad,2
2025-02-19 19:34:27.149192,5.1,1519,2.0,Sad,1
2024-11-20 19:34:27.149252,7.6,14373,7.6,Happy,6
2024-09-10 19:34:27.149317,6.6,4388,6.2,Sad,2
2025-02-02 19:34:27.149391,8.2,1000,3.3,Neutral,4
2025-01-31 19:34:27.149450,7.7,5353,2.8,Neutral,4
2025-02-22 19:34:27.149509,7.4,1000,5.7,Sad,2
2025-05-21 19:34:27.149568,10.4,1000,7.8,Sad,1
2025-05-28 19:34:27.149627,9.5,9866,4.0,Neutral,3
2024-08-02 19:34:27.149686,10.1,4168,1.4,Neutral,3
2025-01-11 19:34:27.149748,7.1,2338,2.7,Neutral,4
2024-11-20 19:34:27.149808,5.4,2925,4.0,Sad,1
2025-03-24 19:34:27.149867,8.4,6452,5.9,Neutral,3
2025-05-08 19:34:27.149925,9.2,1000,5.5,Sad,1
2024-08-07 19:34:27.149984,7.5,1000,4.8,Sad,2
2025-04-13 19:34:27.150045,6.2,4320,5.4,Sad,1
2025-04-22 19:34:27.150104,8.6,4666,5.6,Neutral,3
2025-05-21 19:34:27.150164,9.5,4954,4.6,Sad,2
2025-06-15 19:34:27.150227,8.8,10296,5.5,Happy,7
2025-06-04 19:34:27.150286,4.0,8835,8.1,Sad,1
2025-07-10 19:34:27.150345,6.7,4775,4.1,Sad,1
2024-08-23 19:34:27.150407,8.0,4511,1.7,Neutral,5
2025-03-15 19:34:27.150469,5.5,1000,2.9,Sad,2
2025-03-09 19:34:27.150537,9.9,5157,1.0,Neutral,4
2024-12-29 19:34:27.150603,4.1,9959,2.4,Sad,2
2024-08-31 19:34:27.150662,8.2,9973,4.9,Neutral,4
2025-04-02 19:34:27.150738,8.7,1000,2.9,Neutral,3
2025-02-19 19:34:27.150913,8.7,1948,5.9,Neutral,3
2025-06-10 19:34:27.151189,9.1,1536,4.6,Sad,0
2024-09-21 19:34:27.151385,9.1,1000,7.9,Sad,2
2024-11-19 19:34:27.151508,9.8,4235,5.2,Sad,1
2025-07-02 19:34:27.151646,8.5,1000,7.2,Sad,1
2025-05-15 19:34:27.151805,9.3,5160,2.1,Neutral,4
2024-11-02 19:34:27.151983,6.3,5230,5.6,Neutral,4
2025-04-25 19:34:27.152065,8.3,8518,3.7,Neutral,5
2024-10-14 19:34:27.152158,8.3,1139,3.4,Sad,2
2024-07-24 19:34:27.152316,7.7,1000,1.0,Neutral,5
2025-05-10 19:34:27.152397,7.8,2863,1.1,Neutral,5
2025-02-14 19:34:27.152476,8.5,3447,1.0,Neutral,4
2024-11-01 19:34:27.152575,8.4,2286,3.6,Neutral,3
2025-01-13 19:34:27.152655,7.7,1591,3.4,Neutral,3
2025-02-02 19:34:27.152729,9.1,1823,1.0,Neutral,4
2025-01-01 19:34:27.152818,6.0,20000,4.3,Neutral,4
2025-02-04 19:34:27.152934,6.1,6192,6.1,Sad,2
2025-01-04 19:34:27.153111,10.1,1000,3.3,Sad,2
2024-09-03 19:34:27.153402,8.5,1189,3.1,Neutral,3
2025-02-17 19:34:27.153668,6.8,2531,3.9,Neutral,3
2025-01-15 19:34:27.153850,7.6,3635,4.4,Neutral,3
2024-12-16 19:34:27.154105,7.4,4284,3.6,Neutral,3
2024-12-30 19:34:27.154238,6.5,1123,2.9,Neutral,3
2025-05-04 19:34:27.154324,4.0,1461,4.8,Sad,0
2025-03-02 19:34:27.154391,7.5,1000,4.6,Neutral,3
2024-09-22 19:34:27.154456,8.4,2310,1.0,Neutral,5
2025-06-14 19:34:27.154526,8.6,7204,2.2,Neutral,5
2025-02-15 19:34:27.154596,6.9,2008,1.0,Neutral,3
2024-09-19 19:34:27.154662,9.2,1000,4.5,Sad,1
2025-02-22 19:34:27.154730,8.3,2836,1.3,Neutral,4
2025-06-01 19:34:27.154795,6.3,6056,6.2,Neutral,3
2024-08-16 19:34:27.154857,6.8,13788,3.5,Happy,6
2025-06-05 19:34:27.154916,4.7,7851,6.4,Sad,0
2025-05-22 19:34:27.154975,6.9,1000,2.6,Sad,2
2024-09-28 19:34:27.155040,8.5,6318,4.1,Neutral,4
2024-11-04 19:34:27.155111,4.4,1971,8.2,Sad,1
2024-11-09 19:34:27.155171,6.6,20000,3.8,Happy,6
2024-07-28 19:34:27.155231,8.6,2495,4.6,Sad,2
2025-02-21 19:34:27.155292,8.2,4595,4.3,Neutral,3
2025-04-16 19:34:27.155357,8.7,3678,2.3,Neutral,4
2025-03-23 19:34:27.155418,6.4,4017,1.5,Neutral,4
2024-08-21 19:34:27.155478,11.1,2595,3.2,Sad,1
2024-07-21 19:34:27.155537,7.6,2647,1.8,Neutral,4
2025-04-15 19:34:27.155597,9.2,3920,1.0,Neutral,3
2024-09-01 19:34:27.155657,7.5,3426,3.9,Neutral,3
2024-11-23 19:34:27.155717,7.7,5386,5.3,Neutral,4
2024-08-25 19:34:27.155777,7.2,5079,2.7,Neutral,5
2024-11-26 19:34:27.155836,7.1,1580,4.6,Sad,2
2025-07-10 19:34:27.155901,6.1,9669,2.3,Neutral,4
2024-12-28 19:34:27.155961,8.5,4140,2.7,Neutral,3
2025-01-29 19:34:27.156030,7.4,2620,4.7,Sad,2
2025-02-10 19:34:27.156090,9.1,6518,5.9,Neutral,3
2024-11-30 19:34:27.156148,8.1,1000,5.4,Neutral,3
2025-05-10 19:34:27.156208,7.4,4572,5.3,Neutral,3
2025-06-18 19:34:27.156267,7.4,1000,8.0,Neutral,3
2025-02-12 19:34:27.156330,8.1,11979,6.7,Neutral,5
2025-03-31 19:34:27.156393,7.4,1998,5.7,Neutral,3
2025-02-16 19:34:27.156453,7.8,3797,2.3,Neutral,4
2024-10-03 19:34:27.156511,7.1,13111,5.8,Neutral,5
2025-02-04 19:34:27.156570,9.7,3230,2.6,Neutral,3
2025-05-12 19:34:27.156629,7.0,2287,7.9,Sad,2
2024-08-14 19:34:27.156691,9.4,5997,1.9,Neutral,4
2025-01-07 19:34:27.156750,10.3,12318,1.0,Neutral,5
2025-03-30 19:34:27.156809,6.6,1000,2.0,Sad,2
2025-05-09 19:34:27.156868,8.6,1813,2.6,Neutral,4
2025-05-27 19:34:27.156926,6.5,7455,3.0,Neutral,3
2025-05-08 19:34:27.156985,5.9,3535,6.0,Sad,1
2025-03-28 19:34:27.157048,5.9,1000,2.1,Sad,1
2024-09-20 19:34:27.157106,5.8,3689,1.8,Neutral,3
2025-05-28 19:34:27.157165,6.1,1714,6.5,Sad,1
2025-04-03 19:34:27.157223,7.6,1000,5.3,Sad,2
2024-08-31 19:34:27.157282,6.8,9364,4.5,Neutral,4
2025-04-13 19:34:27.157341,9.7,8582,1.2,Neutral,5
2024-11-12 19:34:27.157400,11.9,3864,5.4,Sad,0
2024-10-24 19:34:27.157461,7.6,11626,4.5,Happy,6
2025-05-14 19:34:27.157520,7.4,9371,1.0,Happy,7
2025-01-29 19:34:27.157578,7.6,1000,5.7,Sad,2
2024-10-15 19:34:27.157637,6.8,1538,2.0,Neutral,4
2025-01-09 19:34:27.157703,6.1,2293,2.2,Neutral,3
2024-11-09 19:34:27.157763,6.7,5228,6.4,Sad,2
2025-03-14 19:34:27.157823,8.5,10800,1.6,Happy,8
2025-01-13 19:34:27.157881,6.4,2060,5.3,Sad,2
2024-10-04 19:34:27.157941,8.9,7257,7.5,Neutral,3
2025-07-19 19:34:27.158005,5.6,5007,3.0,Neutral,3
2024-11-04 19:34:27.158065,6.8,3899,4.9,Sad,2
2024-12-14 19:34:27.158125,8.4,5266,4.8,Neutral,4
2025-06-19 19:34:27.158190,7.0,1126,3.4,Neutral,3
2024-12-29 19:34:27.158256,8.2,3670,5.7,Sad,2
2025-04-04 19:34:27.158317,9.3,1078,4.1,Sad,1
2025-04-13 19:34:27.158376,9.6,7835,4.3,Neutral,3
2024-08-05 19:34:27.158546,8.1,1064,3.8,Neutral,3
2025-01-20 19:34:27.158663,6.3,10450,7.3,Neutral,5
2024-10-24 19:34:27.158737,4.9,2357,6.1,Sad,0
2024-08-09 19:34:27.158804,7.2,3100,4.8,Neutral,3
2024-12-29 19:34:27.158868,7.6,20000,5.6,Neutral,5
2024-09-23 19:34:27.158931,7.5,3350,3.5,Neutral,4
2025-03-23 19:34:27.158993,4.9,1789,3.3,Sad,0
2024-10-18 19:34:27.159074,7.8,1108,1.0,Neutral,4
2024-07-30 19:34:27.159137,7.5,5558,3.1,Neutral,5
2024-11-21 19:34:27.159198,6.3,4558,3.9,Neutral,3
2024-11-29 19:34:27.159267,4.9,3643,4.2,Sad,0
2025-03-15 19:34:27.159361,4.8,14887,7.0,Sad,2
2025-07-07 19:34:27.159425,8.9,9296,6.5,Neutral,4
2025-01-27 19:34:27.159486,6.8,6038,5.0,Sad,2
2025-06-06 19:34:27.159546,5.9,1757,2.2,Sad,2
2024-12-06 19:34:27.159606,6.6,3230,1.3,Neutral,3
2024-10-02 19:34:27.159665,9.3,1918,8.2,Sad,1
2025-07-15 19:34:27.159724,7.0,9810,3.3,Neutral,5
2024-11-06 19:34:27.159795,5.4,10250,1.5,Happy,6
2025-06-22 19:34:27.159859,7.4,8388,7.5,Neutral,5
2024-12-06 19:34:27.159919,8.8,2232,7.8,Sad,2
2024-12-05 19:34:27.159980,7.2,12516,4.6,Neutral,5
2025-04-05 19:34:27.160041,8.4,1000,3.3,Neutral,3
2025-04-18 19:34:27.160106,9.3,11475,4.9,Neutral,5
2025-04-24 19:34:27.160168,4.1,1000,1.9,Sad,1
2025-03-25 19:34:27.160232,6.7,3419,8.2,Sad,2
2024-09-01 19:34:27.160317,7.4,1208,7.5,Neutral,3
2025-03-08 19:34:27.160382,8.6,2373,4.2,Sad,2
2025-06-13 19:34:27.160448,7.4,4695,2.4,Neutral,3
2024-10-20 19:34:27.160520,10.1,1000,8.8,Sad,1
2025-04-05 19:34:27.160585,9.7,1047,7.6,Sad,1
2025-06-09 19:34:27.160647,4.0,1945,5.3,Sad,0
2024-08-22 19:34:27.160710,7.7,5569,3.9,Neutral,4
2025-06-03 19:34:27.160776,9.0,2709,3.2,Neutral,4
2024-07-28 19:34:27.160848,6.2,7446,4.2,Sad,2
2025-03-04 19:34:27.160923,6.7,2138,1.8,Sad,2
2024-10-31 19:34:27.160999,6.9,1000,5.2,Sad,1
